Date,Home Team,Home Score,Away Team,Away Score
2019-08-03,St. Teresa's Academy,6,Belton,12
2019-08-03,St. Teresa's Academy,9,Odessa,8
2019-08-30,Hillcrest,13,Aurora,4
2019-08-30,Liberty (Wentzville),2,Battle,9
2019-08-30,Lee's Summit North,9,Belton,0
2019-08-30,Holden,11,Belton,6
2019-08-30,Bolivar,10,Camdenton,1
2019-08-30,McDonald County,5,Carthage,1
2019-08-30,Alton,1,Dora,11
2019-08-30,Seckman,12,Farmington,2
2019-08-30,Helias Catholic,0,Father Tolton,1
2019-08-30,Sikeston,10,Fox,2
2019-08-30,Winfield,0,Francis Howell Central,7
2019-08-30,Warrenton,3,Ft. Zumwalt South,4
2019-08-30,Troy Buchanan,2,Ft. Zumwalt South,0
2019-08-30,Timberland,16,Ft. Zumwalt South,3
2019-08-30,Brashear,8,Green City,10
2019-08-30,Timberland,10,Hannibal,0
2019-08-30,St. Teresa's Academy,4,Harrisonville,10
2019-08-30,Kearney,15,Harrisonville,0
2019-08-30,Warrenton,3,Highland,0
2019-08-30,Lee's Summit North,5,Holden,2
2019-08-30,St. Teresa's Academy,3,Kearney,4
2019-08-30,Odessa,0,Lee's Summit,19
2019-08-30,Platte County,3,Lee's Summit,2
2019-08-30,Warsaw,3,Lee's Summit West,1
2019-08-30,Pleasant Hill,5,Lee's Summit West,3
2019-08-30,William Chrisman,0,Liberty,19
2019-08-30,Smithville,3,Liberty,4
2019-08-30,Republic,4,Monett,3
2019-08-30,North Harrison,15,Northeast Nodaway,0
2019-08-30,Madison,5,Novinger,6
2019-08-30,Park Hill,9,Oak Grove,0
2019-08-30,Raytown South,2,Oak Grove,21
2019-08-30,Platte County,7,Odessa,5
2019-08-30,Jefferson City,6,Ozark,2
2019-08-30,Raytown South,2,Park Hill,19
2019-08-30,Warsaw,13,Pleasant Hill,1
2019-08-30,Grain Valley,1,Raymore-Peculiar,6
2019-08-30,East Carter,6,Salem,4
2019-08-30,St. Dominic,1,Troy Buchanan,4
2019-08-30,William Chrisman,0,St. Charles,14
2019-08-30,Smithville,16,St. Charles,2
2019-08-30,Doniphan,9,Van Buren,0
2019-08-31,Lee's Summit West,12,Belton,2
2019-08-31,St. Teresa's Academy,5,Belton,12
2019-08-31,Mansfield,1,Bolivar,6
2019-08-31,Wright City,8,Boonville,2
2019-08-31,Weaubleau,6,Buffalo,5
2019-08-31,Smithville,4,Buffalo,1
2019-08-31,Mansfield,4,Camdenton,9
2019-08-31,Bolivar,9,Camdenton,1
2019-08-31,Logan-Rogersville,10,Camdenton,1
2019-08-31,Perryville,9,Doniphan,0
2019-08-31,Central (Cape Girardeau),3,Doniphan,2
2019-08-31,Winfield,0,Francis Howell Central,7
2019-08-31,Waynesville,7,Glendale,12
2019-08-31,Smithville,8,Grain Valley,14
2019-08-31,Fort Osage,21,Grandview,0
2019-08-31,Oak Grove,6,Harrisonville,9
2019-08-31,Pleasant Hill,4,Harrisonville,11
2019-08-31,Grain Valley,9,Harrisonville,5
2019-08-31,Pleasant Hill,3,Holden,14
2019-08-31,Lee's Summit,8,Holden,9
2019-08-31,Grain Valley,17,Holden,0
2019-08-31,Smithville,1,Iberia,14
2019-08-31,Weaubleau,1,Iberia,5
2019-08-31,Warsaw,11,Kearney,1
2019-08-31,Eugene,6,Kirksville,5
2019-08-31,William Chrisman,0,Lee's Summit,21
2019-08-31,Smithville,3,Lee's Summit,2
2019-08-31,Platte County,9,Lee's Summit North,2
2019-08-31,Liberty,6,Lee's Summit North,5
2019-08-31,Kearney,8,Lee's Summit North,6
2019-08-31,Raytown South,1,Lee's Summit West,17
2019-08-31,Warsaw,3,Liberty,12
2019-08-31,Raymore-Peculiar,5,Liberty,3
2019-08-31,Mansfield,0,Logan-Rogersville,12
2019-08-31,Bolivar,12,Logan-Rogersville,4
2019-08-31,West Plains,11,Marshfield,3
2019-08-31,Hartville,2,Marshfield,9
2019-08-31,Fayette,3,Moberly,5
2019-08-31,Glendale,1,Nixa,8
2019-08-31,Waynesville,11,Nixa,16
2019-08-31,William Chrisman,13,Oak Grove,19
2019-08-31,Smithville,6,Oak Grove,9
2019-08-31,Raytown South,2,Oak Grove,21
2019-08-31,St. Teresa's Academy,9,Odessa,8
2019-08-31,Raytown South,0,Odessa,22
2019-08-31,Kearney,0,Park Hill,7
2019-08-31,St. Charles,0,Park Hill,10
2019-08-31,Raymore-Peculiar,2,Park Hill,5
2019-08-31,Marion C. Early,12,Parkview,1
2019-08-31,Raymore-Peculiar,7,Platte County,2
2019-08-31,St. Charles,5,Platte County,0
2019-08-31,New Franklin,5,Savannah,11
2019-08-31,Warsaw,0,St. Charles,2
2019-08-31,Hartville,3,West Plains,13
2019-08-31,Pleasant Hill,6,William Chrisman,3
2019-09-02,Park Hill South,10,Battle,11
2019-09-02,St. Dominic,8,Bowling Green,4
2019-09-02,Liberty (Wentzville),1,Bowling Green,4
2019-09-02,Winfield,3,Bowling Green,8
2019-09-02,Palmyra,3,Francis Howell Central,4
2019-09-02,Timberland,5,Francis Howell Central,14
2019-09-02,Troy Buchanan,19,Francis Howell Central,1
2019-09-02,Timberland,16,Ft. Zumwalt South,3
2019-09-02,Troy Buchanan,2,Ft. Zumwalt South,0
2019-09-02,Warrenton,3,Ft. Zumwalt South,4
2019-09-02,Troy Buchanan,12,Fulton,0
2019-09-02,Warrenton,2,Fulton,11
2019-09-02,Palmyra,8,Fulton,2
2019-09-02,Palmyra,7,Hannibal,3
2019-09-02,Warrenton,2,Hannibal,4
2019-09-02,Timberland,10,Hannibal,0
2019-09-02,Trenton,1,Putnam County,4
2019-09-02,Fatima,1,Rock Bridge,2
2019-09-02,Liberty (Wentzville),6,St. Dominic,3
2019-09-02,St. Dominic,13,Winfield,4
2019-09-02,Liberty (Wentzville),2,Winfield,12
2019-09-03,Neelyville,19,Alton,3
2019-09-03,Gainesville,3,Ava,13
2019-09-03,Helias Catholic,5,Battle,1
2019-09-03,Northeast (Cairo),7,Bevier,0
2019-09-03,Veritas Christian Academy,12,Bishop DuBourg,2
2019-09-03,Mid-Buchanan,19,Bishop LeBlond,1
2019-09-03,Savannah,5,Bolivar,7
2019-09-03,Weaubleau,1,Branson,6
2019-09-03,Penney,15,Brookfield,1
2019-09-03,Republic,16,Buffalo,2
2019-09-03,Belle,0,California,10
2019-09-03,Clopton,0,Canton,15
2019-09-03,Owensville,6,Capital City,1
2019-09-03,Schuyler County,11,Carrollton,1
2019-09-03,St. Vincent,0,Central (Cape Girardeau),15
2019-09-03,Blair Oaks,14,Centralia,0
2019-09-03,St. Dominic,6,Cor Jesu Academy,13
2019-09-03,Laquey,2,Crocker,15
2019-09-03,Rolla,21,Cuba,11
2019-09-03,St. James,2,DeKalb,12
2019-09-03,North County,11,DeSoto,9
2019-09-03,Norwood,4,Dora,5
2019-09-03,Cameron,4,Excelsior Springs,15
2019-09-03,Festus,9,Farmington,13
2019-09-03,St. Charles,3,Fort Osage,6
2019-09-03,Parkway West,4,Francis Howell North,6
2019-09-03,Kirkwood,13,Francis Howell North,6
2019-09-03,Ft. Zumwalt North,0,Ft. Zumwalt East,5
2019-09-03,Washington,5,Ft. Zumwalt South,6
2019-09-03,Parkway Central,1,Ft. Zumwalt West,14
2019-09-03,Pattonville,1,Ft. Zumwalt West,10
2019-09-03,Eldon,4,Fulton,16
2019-09-03,Milan,14,Gallatin,3
2019-09-03,Salem,14,Glasgow,10
2019-09-03,North Kansas City,17,Grandview,14
2019-09-03,Russellville,17,Harrisburg,5
2019-09-03,Halfway,14,Hartville,12
2019-09-03,Incarnate Word Academy,18,Hazelwood Central,0
2019-09-03,Montgomery County,14,Hermann,4
2019-09-03,Bowling Green,12,Highland,4
2019-09-03,Camdenton,6,Hillcrest,7
2019-09-03,Ritenour,1,Hillsboro,11
2019-09-03,Parkway South,8,Hillsboro,9
2019-09-03,Seckman,0,Holt,10
2019-09-03,Newburg,0,Iberia,15
2019-09-03,Northwest (Cedar Hill),10,Jefferson (Festus),6
2019-09-03,Waynesville,0,Kickapoo,17
2019-09-03,Clark County,5,Kirksville,8
2019-09-03,Parkway West,3,Kirkwood,2
2019-09-03,North Shelby,7,Knox County,10
2019-09-03,Westminster Christian Academy,11,Ladue Horton Watkins,1
2019-09-03,Reeds Spring,12,Lamar,1
2019-09-03,Richmond,3,Lawson,2
2019-09-03,Willard,8,Lebanon,1
2019-09-03,Sherwood,14,Lexington,0
2019-09-03,Aurora,0,Logan-Rogersville,15
2019-09-03,Palmyra,11,Louisiana,0
2019-09-03,Hancock,3,Lutheran South,5
2019-09-03,Hallsville,5,Macon,9
2019-09-03,Bakersfield,4,Mansfield,14
2019-09-03,Hermitage,1,Marion C. Early,22
2019-09-03,Monroe City,15,Mark Twain,4
2019-09-03,Mehlville,0,Marquette,10
2019-09-03,Parkway North,2,Marquette,4
2019-09-03,Lathrop,6,Maryville,3
2019-09-03,Princeton,1,Maysville,4
2019-09-03,Riverview Gardens,6,McCluer North,21
2019-09-03,East Newton,1,McDonald County,5
2019-09-03,Green City,15,Meadville,9
2019-09-03,Parkway North,7,Mehlville,4
2019-09-03,Marshall,0,Mexico,15
2019-09-03,Marceline,2,Moberly,4
2019-09-03,Marshfield,5,Monett,15
2019-09-03,Cassville,3,Nevada,13
2019-09-03,New Haven,1,New Bloomfield,11
2019-09-03,Worth County,8,North Andrew,2
2019-09-03,Slater,6,North Callaway,8
2019-09-03,Jackson,2,Notre Dame (Cape Girardeau),4
2019-09-03,Marion County,19,Novinger,5
2019-09-03,Tuscumbia,5,Osage,11
2019-09-03,West Plains,1,Ozark,13
2019-09-03,Glendale,23,Parkview,3
2019-09-03,Pattonville,6,Parkway Central,6
2019-09-03,Ritenour,0,Parkway South,16
2019-09-03,Platte County,16,Raytown South,1
2019-09-03,Dixon,13,Richland,10
2019-09-03,Summit Christian Academy,26,Ruskin,0
2019-09-03,La Plata,7,Schuyler County,3
2019-09-03,Carthage,13,Seneca,4
2019-09-03,Naylor,7,Sikeston,5
2019-09-03,Polo,1,St. Elizabeth,16
2019-09-03,Fatima,1,Southern Boone,2
2019-09-03,Pilot Grove,7,Van-Far,10
2019-09-03,Rockwood Summit,11,St. Joseph's Academy,1
2019-09-03,West Platte,14,St. Pius X (Kansas City),0
2019-09-03,Liberty North,12,St. Teresa's Academy,0
2019-09-03,Blue Springs South,11,Staley,8
2019-09-03,Albany,3,Vienna,6
2019-09-03,Silex,15,Worth County,1
2019-09-03,Liberty (Wentzville),1,Timberland,11
2019-09-03,Francis Howell,1,Troy Buchanan,14
2019-09-03,Van Buren,4,St. Clair,5
2019-09-03,Herculaneum,5,Valley Park,8
2019-09-03,Jamestown,2,Versailles,12
2019-09-03,St. James,0,Vienna,15
2019-09-03,Clinton,0,Warrensburg,13
2019-09-03,Winfield,5,Warrenton,15
2019-09-03,Knob Noster,1,Warsaw,5
2019-09-03,East Carter,10,Willow Springs,1
2019-09-04,Moberly,1,Battle,3
2019-09-04,Valley Park,3,Bishop DuBourg,12
2019-09-04,Bayless,6,Brentwood,16
2019-09-04,Lafayette County,6,Cameron,1
2019-09-04,Camdenton,19,Central (Springfield),0
2019-09-04,Notre Dame (Cape Girardeau),14,Chaffee,0
2019-09-04,Nerinx Hall,20,Clayton,18
2019-09-04,Cor Jesu Academy,4,Eureka,1
2019-09-04,Union,6,Farmington,7
2019-09-04,Northwest (Cedar Hill),15,Festus,7
2019-09-04,Parkway North,2,Ft. Zumwalt West,9
2019-09-04,Marquette,4,Ft. Zumwalt West,6
2019-09-04,Lee's Summit,13,Harrisonville,2
2019-09-04,Fredericktown,6,Herculaneum,0
2019-09-04,Parkway West,3,Hillsboro,4
2019-09-04,Kirkwood,2,Hillsboro,6
2019-09-04,Ft. Zumwalt South,4,Holt,8
2019-09-04,Naylor,0,Jackson,11
2019-09-04,Liberty,12,Kearney,1
2019-09-04,Parkway South,4,Kirkwood,2
2019-09-04,St. Teresa's Academy,9,Lafayette (St. Joseph),10
2019-09-04,Hazelwood West,0,Lafayette (Wildwood),6
2019-09-04,Ursuline Academy,4,Lutheran South,8
2019-09-04,Jennings,1,Maplewood-Richmond Hts.,12
2019-09-04,Hallsville,12,Mark Twain,0
2019-09-04,Pattonville,0,Marquette,14
2019-09-04,Parkway Central,5,Mehlville,8
2019-09-04,Poplar Bluff,5,North County,15
2019-09-04,Fort Osage,20,North Kansas City,2
2019-09-04,Bishop LeBlond,0,North Platte,15
2019-09-04,Hancock,0,Notre Dame (St. Louis),14
2019-09-04,Fox,3,Oakville,4
2019-09-04,Pattonville,13,Parkway North,10
2019-09-04,Parkway West,4,Parkway South,1
2019-09-04,Helias Catholic,16,Rolla,7
2019-09-04,Rockwood Summit,1,Seckman,0
2019-09-04,Boonville,0,Southern Boone,10
2019-09-04,Webb City,17,St. Joseph's Academy,1
2019-09-04,Salem,16,St. James,0
2019-09-04,Blue Springs,2,Staley,10
2019-09-04,Lindbergh,1,Webster Groves,15
2019-09-04,Clopton,16,Wellsville-Middletown,6
2019-09-04,Marion C. Early,0,West Plains,11
2019-09-04,Grandview,19,Winnetonka,4
2019-09-04,Hardin-Central,10,Winston,4
2019-09-04,St. Clair,1,Wright City,14
2019-09-05,Salem,15,Alton,5
2019-09-05,Lamar,3,Aurora,2
2019-09-05,Dora,7,Ava,6
2019-09-05,Cameron,21,Bishop LeBlond,1
2019-09-05,Nixa,4,Bolivar,5
2019-09-05,Hallsville,12,Boonville,4
2019-09-05,Logan-Rogersville,12,Branson,0
2019-09-05,North Shelby,12,Brashear,1
2019-09-05,El Dorado Springs,25,Buffalo,15
2019-09-05,Glendale,17,Camdenton,2
2019-09-05,Notre Dame (Cape Girardeau),16,Central (Cape Girardeau),3
2019-09-05,Notre Dame (Cape Girardeau),17,Chaffee,2
2019-09-05,Lawson,8,Chillicothe,18
2019-09-05,Savannah,21,Clinton,9
2019-09-05,Hermann,1,Community,11
2019-09-05,Lindbergh,9,Cor Jesu Academy,8
2019-09-05,Iberia,8,Crocker,6
2019-09-05,Westran,9,Dixon,1
2019-09-05,Wright City,11,Elsberry,6
2019-09-05,Rockwood Summit,15,Eureka,5
2019-09-05,Slater,0,Father Tolton,6
2019-09-05,Osage,0,Fatima,6
2019-09-05,Worth County,2,Fayette,15
2019-09-05,Francis Howell Central,13,Francis Howell,2
2019-09-05,Parkway Central,16,Francis Howell Central,8
2019-09-05,Ritenour,12,Francis Howell North,5
2019-09-05,Parkway Central,16,Francis Howell North,8
2019-09-05,Ft. Zumwalt South,11,Ft. Zumwalt North,1
2019-09-05,Hillsboro,4,Ft. Zumwalt West,5
2019-09-05,Willow Springs,8,Gainesville,10
2019-09-05,Fort Osage,21,Grandview,0
2019-09-05,Climax Springs,0,Halfway,10
2019-09-05,Brentwood,0,Hancock,10
2019-09-05,Lexington,3,Hardin-Central,13
2019-09-05,Gateway Science Charter,1,Herculaneum,20
2019-09-05,La Plata,18,Higbee,4
2019-09-05,Hermitage,30,Humansville,15
2019-09-05,Perryville,4,Jackson,5
2019-09-05,East Carter,7,Kelly,0
2019-09-05,Willard,4,Kickapoo,5
2019-09-05,Parkway North,1,Kirkwood,5
2019-09-05,Versailles,0,Knob Noster,10
2019-09-05,Canton,15,Knox County,3
2019-09-05,North Platte,3,Lafayette (St. Joseph),2
2019-09-05,Penney,4,Lafayette County,0
2019-09-05,Carrollton,14,Lathrop,5
2019-09-05,Ft. Zumwalt East,13,Liberty (Wentzville),0
2019-09-05,Lee's Summit North,6,Liberty North,2
2019-09-05,Owensville,6,Linn,7
2019-09-05,Bowling Green,13,Louisiana,0
2019-09-05,Monroe City,9,Macon,8
2019-09-05,Lebanon,9,Mansfield,3
2019-09-05,Atlanta,10,Marion County,0
2019-09-05,Parkway West,2,Marquette,4
2019-09-05,Fulton,17,Marshall,1
2019-09-05,McDonald County,15,Marshfield,1
2019-09-05,Norborne,15,Meadville,8
2019-09-05,Ritenour,17,Mehlville,2
2019-09-05,Parkway Central,5,Mehlville,9
2019-09-05,St. Pius X (Kansas City),5,Mid-Buchanan,10
2019-09-05,Putnam County,4,Milan,1
2019-09-05,Kirksville,7,Moberly,1
2019-09-05,Silex,12,Montgomery County,3
2019-09-05,Cassville,3,Neosho,13
2019-09-05,Cuba,5,New Haven,15
2019-09-05,Laquey,22,Newburg,1
2019-09-05,Van-Far,5,North Callaway,20
2019-09-05,Farmington,3,North County,4
2019-09-05,Pacific,6,Northwest (Cedar Hill),21
2019-09-05,St. Joseph's Academy,11,Notre Dame (St. Louis),1
2019-09-05,St. Charles,10,Notre Dame de Sion,0
2019-09-05,Webster Groves,4,Oakville,6
2019-09-05,William Chrisman,5,Odessa,12
2019-09-05,Winfield,10,Orchard Farm,7
2019-09-05,Rock Bridge,4,Ozark,5
2019-09-05,Mark Twain,0,Palmyra,10
2019-09-05,West Plains,17,Parkview,0
2019-09-05,Pattonville,2,Parkway South,6
2019-09-05,Albany,8,Pattonsburg,1
2019-09-05,Schuyler County,21,Pilot Grove,0
2019-09-05,Excelsior Springs,4,Platte County,8
2019-09-05,Gallatin,7,Polo,4
2019-09-05,St. Elizabeth,3,Princeton,9
2019-09-05,Nevada,2,Reeds Spring,6
2019-09-05,Hazelwood Central,24,Riverview Gardens,0
2019-09-05,Raytown South,16,Ruskin,1
2019-09-05,California,4,Russellville,0
2019-09-05,Clark County,14,Scotland County,3
2019-09-05,Bakersfield,16,Smithville,7
2019-09-05,St. Michael the Archangel,0,Sherwood,15
2019-09-05,Poplar Bluff,5,Sikeston,7
2019-09-05,New Franklin,18,Salem,0
2019-09-05,Northeast Nodaway,6,St. James,16
2019-09-05,Brookfield,15,South Shelby,6
2019-09-05,Eldon,7,Southern Boone,13
2019-09-05,Ladue Horton Watkins,5,St. Charles,16
2019-09-05,Jefferson City,9,Van-Far,2
2019-09-05,Lutheran South,0,St. Joseph's Academy,5
2019-09-05,St. Vincent,2,St. Pius X (Festus),11
2019-09-05,Benton,10,St. Teresa's Academy,11
2019-09-05,Windsor (Imperial),1,Webb City,10
2019-09-05,Washington,2,Timberland,12
2019-09-05,Maysville,1,Trenton,3
2019-09-05,Winston,0,Tri-County,8
2019-09-05,Holt,5,Troy Buchanan,2
2019-09-05,New Bloomfield,10,Tuscumbia,0
2019-09-05,Couch,0,St. Clair,17
2019-09-05,Maplewood-Richmond Hts.,0,Valley Park,16
2019-09-05,Hillcrest,6,Waynesville,9
2019-09-05,Warsaw,13,Weaubleau,0
2019-09-05,Monett,3,Webb City,13
2019-09-05,Clopton,16,Wellsville-Middletown,6
2019-09-05,Plattsburg,2,West Platte,5
2019-09-05,Madison,0,Westran,13
2019-09-05,Central (Springfield),16,Wheatland,6
2019-09-06,Seckman,16,Affton,2
2019-09-06,Union,4,Affton,0
2019-09-06,Gainesville,5,Bakersfield,14
2019-09-06,Lathrop,9,Benton,6
2019-09-06,Maysville,11,Benton,2
2019-09-06,Carthage,0,Blue Springs,6
2019-09-06,Staley,1,Blue Springs,24
2019-09-06,Neosho,1,Blue Springs,2
2019-09-06,Park Hill South,0,Blue Springs,7
2019-09-06,Rock Bridge,3,Blue Springs,4
2019-09-06,Savannah,0,Blue Springs South,10
2019-09-06,Battle,2,Blue Springs South,3
2019-09-06,DeKalb,6,Cameron,8
2019-09-06,Rock Bridge,13,Carl Junction,0
2019-09-06,Webb City,6,Carl Junction,3
2019-09-06,Lamar,4,Carl Junction,8
2019-09-06,Neosho,7,Carthage,3
2019-09-06,Staley,4,Carthage,0
2019-09-06,DeKalb,1,Central (St. Joseph),15
2019-09-06,Cameron,4,Central (St. Joseph),6
2019-09-06,Willow Springs,19,Couch,5
2019-09-06,Kelly,9,DeSoto,5
2019-09-06,Van Buren,0,DeSoto,15
2019-09-06,Crocker,15,Dixon,0
2019-09-06,Van Buren,6,Doniphan,3
2019-09-06,Kelly,4,Doniphan,2
2019-09-06,Blair Oaks,10,Eugene,3
2019-09-06,East Carter,8,Festus,9
2019-09-06,St. Joseph's Academy,7,Francis Howell,6
2019-09-06,Pacific,5,Francis Howell,2
2019-09-06,Holt,8,Ft. Zumwalt West,5
2019-09-06,Helias Catholic,8,Fulton,2
2019-09-06,Mexico,15,Fulton,10
2019-09-06,Bayless,0,Hancock,15
2019-09-06,Summit Christian Academy,12,Hermitage,0
2019-09-06,Wheatland,15,Humansville,2
2019-09-06,Westran,11,Iberia,1
2019-09-06,Worth County,19,Jamestown,3
2019-09-06,Park Hill South,12,Joplin,0
2019-09-06,Nevada,13,Joplin,5
2019-09-06,Seneca,10,Joplin,1
2019-09-06,Ozark,8,Kickapoo,6
2019-09-06,Mehlville,1,Kirkwood,16
2019-09-06,Rock Bridge,13,Lamar,3
2019-09-06,Webb City,6,Lamar,0
2019-09-06,Maysville,13,Lathrop,4
2019-09-06,Excelsior Springs,12,Lawson,3
2019-09-06,Hartville,0,Lebanon,10
2019-09-06,Brashear,20,Linn County,8
2019-09-06,New Franklin,1,Madison,11
2019-09-06,Bevier,2,Marion County,23
2019-09-06,Hazelwood Central,18,McCluer North,8
2019-09-06,Helias Catholic,3,Mexico,0
2019-09-06,Richmond,8,Mid-Buchanan,9
2019-09-06,Staley,11,Neosho,14
2019-09-06,Park Hill South,10,Nevada,6
2019-09-06,Seneca,7,Nevada,11
2019-09-06,Wellsville-Middletown,0,New Haven,15
2019-09-06,Seneca,0,Park Hill South,11
2019-09-06,Lafayette (Wildwood),7,Parkway South,8
2019-09-06,Francis Howell North,8,Pattonville,15
2019-09-06,Hillcrest,0,Republic,11
2019-09-06,Laquey,6,Richland,3
2019-09-06,St. Joseph's Academy,9,Rolla,0
2019-09-06,Pacific,9,Rolla,11
2019-09-06,Harrisburg,0,Schuyler County,9
2019-09-06,Fayette,4,Scotland County,0
2019-09-06,Perryville,5,Seckman,6
2019-09-06,Norwood,8,Smithville,1
2019-09-06,Battle,12,Savannah,3
2019-09-06,Calvary Lutheran,1,Slater,16
2019-09-06,Norborne,2,St. Clair,1
2019-09-06,Bishop DuBourg,1,St. Joseph's Academy,7
2019-09-06,Hillsboro,11,St. Pius X (Festus),0
2019-09-06,Ft. Zumwalt East,1,Timberland,5
2019-09-06,Mid-Buchanan,5,Trenton,3
2019-09-06,Richmond,8,Trenton,7
2019-09-06,Meadville,4,Tri-County,14
2019-09-06,Naylor,3,St. Clair,6
2019-09-06,Perryville,4,Union,3
2019-09-06,Ft. Zumwalt North,20,Veritas Christian Academy,2
2019-09-06,Linn,3,Vienna,2
2019-09-06,Notre Dame de Sion,0,Warrensburg,14
2019-09-06,Rock Bridge,7,Webb City,6
2019-09-06,Eureka,14,Webster Groves,4
2019-09-06,Rosati-Kain,21,Westminster Christian Academy,5
2019-09-06,Silex,7,Winfield,8
2019-09-07,Perryville,6,Affton,1
2019-09-07,Francis Howell,7,Affton,1
2019-09-07,Gallatin,0,Albany,11
2019-09-07,North Harrison,7,Albany,2
2019-09-07,Vienna,6,Albany,11
2019-09-07,Gateway Science Charter,9,Bayless,13
2019-09-07,University City,19,Bayless,10
2019-09-07,Park Hill South,0,Blue Springs,7
2019-09-07,Rock Bridge,3,Blue Springs,4
2019-09-07,Mexico,1,Blue Springs South,5
2019-09-07,Helias Catholic,5,Blue Springs South,8
2019-09-07,Ozark,4,Bolivar,3
2019-09-07,McDonald County,5,Bolivar,4
2019-09-07,Glendale,8,Branson,7
2019-09-07,Hillcrest,2,Branson,5
2019-09-07,Canton,4,Brookfield,0
2019-09-07,Knox County,5,Brookfield,6
2019-09-07,Maysville,7,Cameron,3
2019-09-07,La Plata,1,Canton,16
2019-09-07,Staley,8,Carl Junction,0
2019-09-07,Seneca,12,Carl Junction,0
2019-09-07,Pilot Grove,2,Carrollton,17
2019-09-07,Warsaw,6,Carrollton,0
2019-09-07,Warrensburg,11,Carrollton,7
2019-09-07,Joplin,5,Carthage,13
2019-09-07,Lamar,1,Carthage,14
2019-09-07,Chaffee,2,Central (Cape Girardeau),11
2019-09-07,East Carter,5,Central (Cape Girardeau),3
2019-09-07,Excelsior Springs,0,Central (St. Joseph),4
2019-09-07,Maysville,6,Central (St. Joseph),5
2019-09-07,Richmond,0,Central (St. Joseph),11
2019-09-07,East Carter,9,Chaffee,0
2019-09-07,La Plata,1,Clark County,15
2019-09-07,Festus,11,Doniphan,8
2019-09-07,Notre Dame (Cape Girardeau),3,Doniphan,4
2019-09-07,Halfway,13,Dora,14
2019-09-07,Walnut Grove,2,Dora,12
2019-09-07,North Platte,6,East Buchanan,7
2019-09-07,Lexington,1,East Buchanan,24
2019-09-07,West Platte,2,East Buchanan,12
2019-09-07,Mid-Buchanan,1,Excelsior Springs,3
2019-09-07,Lathrop,5,Excelsior Springs,8
2019-09-07,Notre Dame (Cape Girardeau),11,Festus,2
2019-09-07,Van Buren,0,Festus,16
2019-09-07,Rolla,8,Francis Howell,6
2019-09-07,Battle,5,Fulton,0
2019-09-07,Savannah,2,Fulton,4
2019-09-07,Worth County,13,Gallatin,7
2019-09-07,Hillcrest,4,Glendale,7
2019-09-07,Harrisburg,8,Hallsville,5
2019-09-07,Van-Far,5,Hallsville,6
2019-09-07,Clark County,12,Hannibal,7
2019-09-07,Brookfield,5,Hannibal,17
2019-09-07,South Shelby,0,Hannibal,12
2019-09-07,New Bloomfield,10,Harrisburg,2
2019-09-07,Battle,4,Helias Catholic,5
2019-09-07,Lamar,9,Joplin,1
2019-09-07,Notre Dame (Cape Girardeau),8,Kelly,1
2019-09-07,Van Buren,0,Kelly,8
2019-09-07,La Plata,9,Knox County,7
2019-09-07,South Shelby,2,Knox County,12
2019-09-07,Richmond,4,Lathrop,5
2019-09-07,Benton,7,Lawson,4
2019-09-07,DeKalb,6,Lawson,8
2019-09-07,Wheatland,0,Leeton,12
2019-09-07,Summit Christian Academy,5,Leeton,0
2019-09-07,North Platte,18,Lexington,3
2019-09-07,West Platte,18,Lexington,14
2019-09-07,California,10,Marshall,0
2019-09-07,Versailles,3,Marshall,10
2019-09-07,Pilot Grove,1,Marshall,11
2019-09-07,Mid-Buchanan,4,Maysville,10
2019-09-07,Clayton,2,McCluer North,10
2019-09-07,Ozark,2,McDonald County,5
2019-09-07,Savannah,4,Mexico,14
2019-09-07,Battle,2,Mexico,12
2019-09-07,South Shelby,11,Monroe City,12
2019-09-07,Canton,4,Monroe City,3
2019-09-07,Clark County,4,Monroe City,7
2019-09-07,Neosho,5,Nevada,13
2019-09-07,Webb City,9,Nevada,6
2019-09-07,Schuyler County,16,New Bloomfield,0
2019-09-07,Van-Far,1,New Bloomfield,3
2019-09-07,Worth County,13,North Andrew,2
2019-09-07,Vienna,11,North Andrew,3
2019-09-07,Jefferson (Festus),2,North County,11
2019-09-07,Princeton,3,North Harrison,2
2019-09-07,West Platte,0,North Platte,13
2019-09-07,St. Joseph's Academy,5,Pacific,0
2019-09-07,Rock Bridge,9,Park Hill South,6
2019-09-07,Warsaw,15,Pilot Grove,0
2019-09-07,Worth County,5,Princeton,11
2019-09-07,Vienna,2,Princeton,6
2019-09-07,Perryville,4,Rolla,0
2019-09-07,Worth County,0,Schuyler County,17
2019-09-07,Union,0,Seckman,3
2019-09-07,St. Joseph's Academy,3,Seckman,1
2019-09-07,Staley,11,Seneca,1
2019-09-07,Schuyler County,1,Southern Boone,2
2019-09-07,Harrisburg,1,Southern Boone,8
2019-09-07,Westran,1,Southern Boone,9
2019-09-07,Van-Far,5,Worth County,3
2019-09-07,DeKalb,2,Trenton,6
2019-09-07,Benton,5,Trenton,8
2019-09-07,Pacific,15,Union,14
2019-09-07,Gateway Science Charter,1,University City,16
2019-09-07,Versailles,4,Warrensburg,5
2019-09-07,California,10,Warrensburg,0
2019-09-07,California,2,Warsaw,0
2019-09-07,Neosho,0,Webb City,6
2019-09-07,Poplar Bluff,3,Webster Groves,7
2019-09-07,Hallsville,11,Westran,1
2019-09-07,Walnut Grove,0,Willard,7
2019-09-07,Halfway,2,Willard,12
2019-09-09,Mercer,0,Albany,15
2019-09-09,Hartville,1,Aurora,10
2019-09-09,Vienna,18,Belle,4
2019-09-09,Normandy Collaborative,0,Brentwood,24
2019-09-09,Van-Far,1,California,5
2019-09-09,Louisiana,0,Canton,6
2019-09-09,Linn,6,Capital City,4
2019-09-09,Central (Springfield),17,Climax Springs,1
2019-09-09,Veritas Christian Academy,4,Clopton,10
2019-09-09,Lebanon,18,Cuba,6
2019-09-09,North Platte,10,DeKalb,4
2019-09-09,Alton,0,Doniphan,13
2019-09-09,St. Clair,1,East Carter,11
2019-09-09,Nevada,15,El Dorado Springs,0
2019-09-09,Lafayette (Wildwood),2,Eureka,5
2019-09-09,Notre Dame (Cape Girardeau),12,Farmington,1
2019-09-09,Southern Boone,4,Father Tolton,1
2019-09-09,Helias Catholic,5,Fatima,0
2019-09-09,Rockwood Summit,10,Fox,1
2019-09-09,Jefferson (Festus),8,Fredericktown,9
2019-09-09,McCluer North,0,Ft. Zumwalt North,16
2019-09-09,Hannibal,6,Fulton,14
2019-09-09,Metro,27,Gateway Science Charter,5
2019-09-09,Buffalo,3,Glendale,13
2019-09-09,Fort Osage,0,Grain Valley,7
2019-09-09,Glasgow,0,Harrisburg,15
2019-09-09,St. Vincent,1,Hillsboro,11
2019-09-09,Halfway,24,Humansville,0
2019-09-09,Cor Jesu Academy,3,Incarnate Word Academy,6
2019-09-09,Lawson,2,Lafayette County,6
2019-09-09,Macks Creek,13,Laquey,14
2019-09-09,Cameron,5,Lathrop,6
2019-09-09,Blue Springs South,6,Lee's Summit West,0
2019-09-09,Parkway West,13,Lindbergh,6
2019-09-09,Centralia,11,Macon,9
2019-09-09,Seckman,6,Marquette,1
2019-09-09,Joplin,1,McDonald County,9
2019-09-09,North Harrison,6,Milan,1
2019-09-09,Naylor,4,Neelyville,7
2019-09-09,Bishop LeBlond,0,North Andrew,10
2019-09-09,Westran,10,Northeast (Cairo),4
2019-09-09,Pleasant Hill,17,Oak Grove,4
2019-09-09,Hancock,4,Orchard Farm,5
2019-09-09,Calvary Lutheran,3,Osage,7
2019-09-09,Park Hill South,5,Park Hill,2
2019-09-09,Branson,18,Parkview,2
2019-09-09,Notre Dame (St. Louis),6,Parkway Central,1
2019-09-09,Westminster Christian Academy,11,Parkway North,7
2019-09-09,Marceline,1,Penney,5
2019-09-09,Windsor (Imperial),4,Perryville,9
2019-09-09,Schuyler County,2,Putnam County,7
2019-09-09,Kickapoo,10,Reeds Spring,8
2019-09-09,Lexington,1,Richmond,15
2019-09-09,Jamestown,0,Russellville,14
2019-09-09,Dixon,5,Salem,15
2019-09-09,Moberly,0,Schuyler County,3
2019-09-09,Notre Dame de Sion,0,Sherwood,15
2019-09-09,Warrensburg,13,Savannah,5
2019-09-09,Liberty (Wentzville),5,St. Dominic,11
2019-09-09,East Buchanan,10,Vienna,2
2019-09-09,Mid-Buchanan,2,Summit Christian Academy,12
2019-09-09,Eugene,2,Versailles,1
2019-09-09,Hermitage,1,Walnut Grove,16
2019-09-09,Bolivar,8,Warsaw,9
2019-09-09,St. Joseph's Academy,2,Webster Groves,3
2019-09-09,Logan-Rogersville,15,West Plains,2
2019-09-09,Weaubleau,10,Wheatland,0
2019-09-09,Smithville,10,Willow Springs,5
2019-09-09,Maryville,3,Worth County,12
2019-09-10,North Andrew,3,Albany,7
2019-09-10,Dora,18,Bakersfield,1
2019-09-10,Rock Bridge,8,Battle,0
2019-09-10,Maplewood-Richmond Hts.,19,Bayless,3
2019-09-10,St. Pius X (Kansas City),17,Bishop LeBlond,1
2019-09-10,Blue Springs,7,Blue Springs South,9
2019-09-10,Elsberry,9,Bowling Green,15
2019-09-10,Ozark,11,Branson,3
2019-09-10,Valley Park,14,Brentwood,3
2019-09-10,Macon,2,Brookfield,8
2019-09-10,Parkview,1,Buffalo,26
2019-09-10,Eldon,1,California,7
2019-09-10,West Plains,21,Camdenton,7
2019-09-10,Carthage,4,Carl Junction,3
2019-09-10,Lafayette County,3,Carrollton,4
2019-09-10,Hillcrest,10,Central (Springfield),0
2019-09-10,Liberty,12,Central (St. Joseph),4
2019-09-10,Poplar Bluff,8,Chaffee,3
2019-09-10,Monroe City,13,Clark County,7
2019-09-10,Winfield,7,Clopton,3
2019-09-10,Pilot Grove,0,Community,7
2019-09-10,Capital City,9,Cuba,3
2019-09-10,Jackson,1,East Carter,2
2019-09-10,Sherwood,13,El Dorado Springs,0
2019-09-10,Odessa,8,Excelsior Springs,0
2019-09-10,Hillsboro,11,Festus,3
2019-09-10,Raytown,1,Fort Osage,16
2019-09-10,Troy Buchanan,9,Francis Howell Central,5
2019-09-10,Timberland,1,Ft. Zumwalt East,2
2019-09-10,Liberty (Wentzville),6,Ft. Zumwalt South,7
2019-09-10,Francis Howell,6,Ft. Zumwalt West,7
2019-09-10,Slater,3,Fulton,5
2019-09-10,Alton,16,Gainesville,6
2019-09-10,Putnam County,11,Gallatin,0
2019-09-10,Platte County,5,Grain Valley,3
2019-09-10,Novinger,0,Green City,10
2019-09-10,Schuyler County,2,Hallsville,1
2019-09-10,Moberly,0,Hannibal,1
2019-09-10,Willow Springs,2,Hartville,12
2019-09-10,Pattonville,15,Hazelwood Central,14
2019-09-10,Clayton,9,Hazelwood East,12
2019-09-10,DeSoto,19,Herculaneum,6
2019-09-10,Centralia,2,Highland,9
2019-09-10,Francis Howell North,1,Holt,11
2019-09-10,Walnut Grove,17,Humansville,0
2019-09-10,Westminster Christian Academy,1,Incarnate Word Academy,16
2019-09-10,Van-Far,12,Jamestown,1
2019-09-10,Windsor (Imperial),17,Jefferson (Festus),4
2019-09-10,Fatima,5,Jefferson City,3
2019-09-10,University City,21,Jennings,6
2019-09-10,Lafayette (Wildwood),3,Kirkwood,7
2019-09-10,Holden,5,Knob Noster,2
2019-09-10,Atlanta,8,La Plata,5
2019-09-10,Hancock,12,Ladue Horton Watkins,2
2019-09-10,Chillicothe,4,Lafayette (St. Joseph),6
2019-09-10,Seneca,1,Lamar,0
2019-09-10,Waynesville,11,Lebanon,4
2019-09-10,Lee's Summit West,5,Lee's Summit,4
2019-09-10,Park Hill,0,Lee's Summit North,3
2019-09-10,Summit Christian Academy,3,Leeton,2
2019-09-10,Bevier,7,Linn County,24
2019-09-10,Cassville,3,Logan-Rogersville,8
2019-09-10,Versailles,6,Macks Creek,7
2019-09-10,Brashear,21,Madison,1
2019-09-10,Smithville,2,Marion C. Early,5
2019-09-10,Knox County,12,Marion County,5
2019-09-10,Montgomery County,12,Mark Twain,2
2019-09-10,Cor Jesu Academy,10,Marquette,6
2019-09-10,East Newton,8,Marshfield,3
2019-09-10,Cameron,5,Maryville,2
2019-09-10,Riverview Gardens,7,McCluer,16
2019-09-10,Reeds Spring,0,McDonald County,7
2019-09-10,Winston,2,Mercer,12
2019-09-10,Kirksville,2,Mexico,5
2019-09-10,Aurora,0,Monett,14
2019-09-10,Couch,0,Naylor,23
2019-09-10,Bolivar,8,Nevada,4
2019-09-10,Belle,21,Newburg,0
2019-09-10,Hardin-Central,3,Norborne,13
2019-09-10,Kelly,3,North County,5
2019-09-10,Lathrop,10,North Harrison,8
2019-09-10,Oak Park,15,North Kansas City,2
2019-09-10,St. James,9,North Platte,10
2019-09-10,New Franklin,2,Northeast (Cairo),5
2019-09-10,Neelyville,1,Notre Dame (Cape Girardeau),10
2019-09-10,Affton,5,Notre Dame (St. Louis),6
2019-09-10,Harrisonville,14,Oak Grove,3
2019-09-10,Northwest (Cedar Hill),4,Oakville,9
2019-09-10,Boonville,7,Osage,5
2019-09-10,Webb City,19,Owensville,1
2019-09-10,Lutheran South,10,Parkway North,0
2019-09-10,Hazelwood West,2,Parkway South,12
2019-09-10,Sikeston,4,Perryville,9
2019-09-10,Lexington,2,Plattsburg,7
2019-09-10,Warrensburg,1,Pleasant Hill,6
2019-09-10,Milan,0,Polo,10
2019-09-10,Trenton,4,Princeton,1
2019-09-10,Winnetonka,1,Raytown South,14
2019-09-10,Neosho,1,Republic,3
2019-09-10,Iberia,16,Richland,1
2019-09-10,Parkway Central,1,Rockwood Summit,8
2019-09-10,Veritas Christian Academy,0,Rosati-Kain,10
2019-09-10,Grandview,16,Ruskin,1
2019-09-10,Ava,1,Salem,16
2019-09-10,Benton,1,Savannah,2
2019-09-10,Fox,1,Seckman,6
2019-09-10,Louisiana,1,Silex,7
2019-09-10,Worth County,13,Salem,0
2019-09-10,Kearney,1,Smithville,5
2019-09-10,Maysville,19,St. Elizabeth,1
2019-09-10,Marceline,12,South Shelby,0
2019-09-10,Warrenton,11,St. Charles,1
2019-09-10,New Haven,9,St. Clair,2
2019-09-10,Ursuline Academy,5,St. Dominic,12
2019-09-10,Pacific,20,St. James,2
2019-09-10,Nerinx Hall,4,St. Joseph's Academy,10
2019-09-10,West Platte,18,St. Michael the Archangel,0
2019-09-10,Park Hill South,9,Staley,10
2019-09-10,Liberty North,3,St. Charles,2
2019-09-10,Crocker,12,Tuscumbia,7
2019-09-10,Doniphan,1,St. Clair,11
2019-09-10,Hermann,0,Union,15
2019-09-10,Wellsville-Middletown,1,Van-Far,11
2019-09-10,Russellville,3,Vienna,4
2019-09-10,Ft. Zumwalt North,3,Washington,11
2019-09-10,Hermitage,3,Weaubleau,13
2019-09-10,Joplin,4,Webb City,7
2019-09-10,Mehlville,0,Webster Groves,11
2019-09-10,Nixa,4,Willard,6
2019-09-10,Belton,18,William Chrisman,3
2019-09-10,Vienna,3,Worth County,4
2019-09-10,North Callaway,0,Wright City,10
2019-09-11,Smithville,0,Blue Springs South,11
2019-09-11,Savannah,7,Boonville,5
2019-09-11,Maplewood-Richmond Hts.,2,Brentwood,5
2019-09-11,Jackson,15,Central (Cape Girardeau),0
2019-09-11,Schuyler County,8,Clark County,4
2019-09-11,Bayless,6,Clayton,21
2019-09-11,El Dorado Springs,22,Clinton,7
2019-09-11,Halfway,16,Clinton,0
2019-09-11,Halfway,5,El Dorado Springs,6
2019-09-11,Northwest (Cedar Hill),5,Eureka,4
2019-09-11,Liberty North,16,Fort Osage,1
2019-09-11,DeSoto,5,Fox,6
2019-09-11,Van Buren,3,Fredericktown,6
2019-09-11,Washington,0,Ft. Zumwalt West,9
2019-09-11,Excelsior Springs,17,Harrisonville,5
2019-09-11,Jefferson City,0,Helias Catholic,10
2019-09-11,North County,20,Herculaneum,3
2019-09-11,Farmington,6,Hillsboro,5
2019-09-11,Lebanon,5,Iberia,6
2019-09-11,Chaffee,0,Jefferson (Festus),8
2019-09-11,Francis Howell,2,Lafayette (Wildwood),12
2019-09-11,St. Charles,7,Lee's Summit West,4
2019-09-11,Pattonville,8,Lindbergh,11
2019-09-11,Orchard Farm,21,McCluer North,6
2019-09-11,Bishop DuBourg,11,Nerinx Hall,0
2019-09-11,Rock Bridge,8,North Callaway,5
2019-09-11,Ursuline Academy,0,Oakville,5
2019-09-11,William Chrisman,1,Park Hill,17
2019-09-11,Hazelwood West,14,Parkway Central,3
2019-09-11,Kirkwood,1,Parkway South,2
2019-09-11,Savannah,2,Penney,8
2019-09-11,Staley,1,Platte County,3
2019-09-11,Grain Valley,8,Pleasant Hill,3
2019-09-11,Belton,0,Raymore-Peculiar,8
2019-09-11,Parkway West,0,Rockwood Summit,10
2019-09-11,St. James,0,Rolla,13
2019-09-11,Valley Park,0,St. Pius X (Festus),13
2019-09-11,St. Teresa's Academy,18,St. Pius X (Kansas City),2
2019-09-11,Wheatland,1,Westran,15
2019-09-11,St. Dominic,18,Veritas Christian Academy,9
2019-09-11,St. Vincent,1,Windsor (Imperial),12
2019-09-12,Ritenour,3,Affton,13
2019-09-12,Northeast (Cairo),2,Atlanta,5
2019-09-12,McDonald County,15,Aurora,4
2019-09-12,Hillcrest,5,Ava,4
2019-09-12,Willow Springs,14,Bakersfield,11
2019-09-12,McCluer,35,Bayless,32
2019-09-12,Green City,19,Bevier,1
2019-09-12,Marshfield,0,Bolivar,15
2019-09-12,Joplin,7,Branson,8
2019-09-12,Meadville,13,Brashear,14
2019-09-12,Highland,1,Brookfield,0
2019-09-12,California,5,Calvary Lutheran,6
2019-09-12,Savannah,13,Cameron,7
2019-09-12,North Shelby,0,Canton,9
2019-09-12,Knob Noster,4,Carrollton,2
2019-09-12,Lamar,5,Cassville,3
2019-09-12,Naylor,9,Central (Cape Girardeau),7
2019-09-12,Father Tolton,5,Centralia,0
2019-09-12,Newburg,2,Dixon,12
2019-09-12,Monett,8,East Newton,7
2019-09-12,Blair Oaks,9,Eldon,1
2019-09-12,Clopton,3,Elsberry,13
2019-09-12,Van-Far,0,Eugene,5
2019-09-12,Battle,0,Fatima,5
2019-09-12,St. Pius X (Festus),0,Festus,10
2019-09-12,Francis Howell,9,Francis Howell North,10
2019-09-12,Liberty (Wentzville),18,Ft. Zumwalt North,5
2019-09-12,Schuyler County,9,Harrisburg,0
2019-09-12,Dora,7,Hartville,1
2019-09-12,Parkway North,16,Hazelwood Central,3
2019-09-12,Parkway West,6,Hazelwood West,1
2019-09-12,Jefferson (Festus),10,Herculaneum,0
2019-09-12,St. James,16,Hermann,11
2019-09-12,Perryville,2,Hillsboro,3
2019-09-12,Lexington,1,Holden,16
2019-09-12,Francis Howell Central,2,Holt,3
2019-09-12,Grandview,0,Kearney,17
2019-09-12,Lebanon,0,Kickapoo,15
2019-09-12,Fulton,2,Kirksville,0
2019-09-12,Webster Groves,9,Kirkwood,0
2019-09-12,Marceline,19,La Plata,2
2019-09-12,McCluer North,1,Ladue Horton Watkins,16
2019-09-12,Seckman,12,Lafayette (Wildwood),3
2019-09-12,Richland,4,Laquey,7
2019-09-12,Penney,11,Lawson,1
2019-09-12,Lee's Summit,2,Liberty,12
2019-09-12,Parkway South,14,Lindbergh,7
2019-09-12,Belle,0,Linn,10
2019-09-12,Van-Far,1,Louisiana,0
2019-09-12,Central (Springfield),2,Macks Creek,14
2019-09-12,Higbee,2,Madison,4
2019-09-12,Hancock,16,Maplewood-Richmond Hts.,4
2019-09-12,South Shelby,9,Marion County,6
2019-09-12,Bowling Green,18,Mark Twain,0
2019-09-12,Savannah,15,Marshall,7
2019-09-12,Polo,0,Maysville,10
2019-09-12,Pattonville,16,Mehlville,17
2019-09-12,Hannibal,12,Mexico,5
2019-09-12,Princeton,19,Milan,0
2019-09-12,Macon,7,Moberly,5
2019-09-12,Wright City,15,Montgomery County,0
2019-09-12,Boonville,12,New Franklin,2
2019-09-12,Carthage,6,Nixa,9
2019-09-12,Jennings,20,Normandy Collaborative,6
2019-09-12,Wellsville-Middletown,0,North Callaway,15
2019-09-12,Fredericktown,1,North County,7
2019-09-12,Parkway Central,4,Northwest (Cedar Hill),14
2019-09-12,Mansfield,0,Norwood,10
2019-09-12,DeSoto,0,Notre Dame (Cape Girardeau),10
2019-09-12,Cor Jesu Academy,7,Notre Dame (St. Louis),1
2019-09-12,William Chrisman,4,Oak Park,5
2019-09-12,Warrenton,9,Orchard Farm,4
2019-09-12,New Haven,0,Owensville,10
2019-09-12,Webb City,8,Ozark,5
2019-09-12,St. Clair,0,Pacific,10
2019-09-12,Monroe City,3,Palmyra,4
2019-09-12,Glasgow,1,Pilot Grove,11
2019-09-12,Mid-Buchanan,2,Plattsburg,12
2019-09-12,North Kansas City,21,Raytown,22
2019-09-12,Logan-Rogersville,5,Reeds Spring,2
2019-09-12,Carl Junction,2,Republic,7
2019-09-12,Clayton,12,Riverview Gardens,1
2019-09-12,St. Joseph's Academy,2,Rock Bridge,5
2019-09-12,Parkview,0,Rolla,15
2019-09-12,New Bloomfield,3,Russellville,2
2019-09-12,Vienna,12,Salem,10
2019-09-12,Nevada,5,Seneca,2
2019-09-12,Hardin-Central,20,Salem,6
2019-09-12,Tuscumbia,3,Slater,9
2019-09-12,Westminster Christian Academy,3,St. Joseph's Academy,5
2019-09-12,Northeast Nodaway,4,Vienna,19
2019-09-12,Union,0,Webb City,6
2019-09-12,Ft. Zumwalt South,4,Timberland,5
2019-09-12,Gallatin,0,Trenton,12
2019-09-12,North Harrison,15,Tri-County,4
2019-09-12,Ft. Zumwalt West,2,Troy Buchanan,3
2019-09-12,Neelyville,1,St. Clair,3
2019-09-12,Hazelwood East,5,University City,18
2019-09-12,Osage,14,Versailles,0
2019-09-12,Buffalo,4,Warsaw,16
2019-09-12,Ft. Zumwalt East,3,Washington,7
2019-09-12,Waynesville,0,West Plains,11
2019-09-12,East Buchanan,10,West Platte,9
2019-09-12,Scotland County,12,Westran,2
2019-09-12,Humansville,4,Wheatland,17
2019-09-12,Neosho,3,Willard,2
2019-09-12,St. Charles,5,Winfield,13
2019-09-12,Smithville,16,Winnetonka,0
2019-09-13,Marshfield,9,Aurora,6
2019-09-13,Parkview,0,Aurora,15
2019-09-13,Novinger,4,Bevier,19
2019-09-13,Slater,5,Bowling Green,11
2019-09-13,Kickapoo,5,Carthage,2
2019-09-13,Marquette,6,Carthage,5
2019-09-13,Grain Valley,2,Carthage,3
2019-09-13,Alton,20,Couch,0
2019-09-13,Lutheran South,9,DeSoto,8
2019-09-13,Capital City,10,DeSoto,2
2019-09-13,Owensville,7,DeSoto,6
2019-09-13,Vienna,22,Dixon,6
2019-09-13,Laquey,5,East Carter,10
2019-09-13,Pacific,13,Eldon,7
2019-09-13,Windsor (Imperial),0,Eldon,3
2019-09-13,Poplar Bluff,1,Eureka,10
2019-09-13,Raymore-Peculiar,9,Eureka,1
2019-09-13,Nixa,2,Eureka,12
2019-09-13,Festus,4,Farmington,6
2019-09-13,Ft. Zumwalt West,12,Farmington,1
2019-09-13,Helias Catholic,0,Father Tolton,1
2019-09-13,Schuyler County,4,Fayette,0
2019-09-13,Perryville,6,Festus,9
2019-09-13,Richmond,1,Francis Howell Central,4
2019-09-13,Republic,2,Francis Howell Central,6
2019-09-13,Lee's Summit West,2,Francis Howell Central,3
2019-09-13,St. Charles,6,Ft. Zumwalt East,1
2019-09-13,Timberland,11,Ft. Zumwalt North,1
2019-09-13,Perryville,1,Ft. Zumwalt West,9
2019-09-13,Willard,2,Glendale,5
2019-09-13,Pilot Grove,5,Harrisburg,12
2019-09-13,Macks Creek,15,Hermitage,0
2019-09-13,Belle,1,Iberia,4
2019-09-13,Linn,3,Jackson,4
2019-09-13,Osage,2,Jackson,16
2019-09-13,Kelly,2,Jackson,14
2019-09-13,Camdenton,1,Jefferson City,11
2019-09-13,Osage,11,Kelly,8
2019-09-13,Linn,2,Kelly,4
2019-09-13,Grain Valley,8,Kickapoo,7
2019-09-13,Marquette,8,Kickapoo,5
2019-09-13,Seckman,3,Knob Noster,2
2019-09-13,St. Dominic,4,Knob Noster,5
2019-09-13,Lee's Summit North,16,Lee's Summit,1
2019-09-13,Republic,5,Lee's Summit West,4
2019-09-13,Richmond,1,Lee's Summit West,9
2019-09-13,Eldon,1,Logan-Rogersville,11
2019-09-13,Windsor (Imperial),5,Logan-Rogersville,6
2019-09-13,Pacific,3,Logan-Rogersville,15
2019-09-13,Capital City,2,Lutheran South,11
2019-09-13,Canton,15,Marion County,0
2019-09-13,Grain Valley,7,Marquette,3
2019-09-13,Ozark,3,Monett,0
2019-09-13,Oak Grove,4,Monett,5
2019-09-13,Rolla,6,Monett,11
2019-09-13,Ladue Horton Watkins,12,Nerinx Hall,13
2019-09-13,Westran,16,Newburg,0
2019-09-13,Wright City,13,North County,4
2019-09-13,Webb City,10,North County,4
2019-09-13,Northwest (Cedar Hill),5,North County,1
2019-09-13,Linn County,6,Northeast (Cairo),9
2019-09-13,Wright City,1,Northwest (Cedar Hill),11
2019-09-13,Webb City,14,Northwest (Cedar Hill),3
2019-09-13,East Carter,1,Norwood,0
2019-09-13,Laquey,0,Norwood,10
2019-09-13,Rolla,3,Oak Grove,6
2019-09-13,Ozark,12,Oak Grove,1
2019-09-13,Linn,4,Osage,3
2019-09-13,Lutheran South,6,Owensville,7
2019-09-13,Capital City,1,Owensville,4
2019-09-13,Rolla,6,Ozark,12
2019-09-13,Windsor (Imperial),5,Pacific,9
2019-09-13,Marion C. Early,16,Parkview,2
2019-09-13,Lindbergh,9,Parkway North,5
2019-09-13,Ritenour,5,Pattonville,16
2019-09-13,Nixa,6,Poplar Bluff,2
2019-09-13,Raymore-Peculiar,9,Poplar Bluff,0
2019-09-13,Nixa,2,Raymore-Peculiar,10
2019-09-13,Richmond,3,Republic,5
2019-09-13,St. Dominic,12,Rosati-Kain,3
2019-09-13,Crocker,5,Russellville,15
2019-09-13,Glasgow,0,Schuyler County,16
2019-09-13,Rosati-Kain,0,Seckman,15
2019-09-13,Community,3,Silex,5
2019-09-13,New Bloomfield,15,Worth County,0
2019-09-13,Wright City,3,Webb City,10
2019-09-13,Richland,2,Tuscumbia,12
2019-09-13,Bayless,6,University City,16
2019-09-13,Halfway,3,Weaubleau,7
2019-09-13,Affton,18,Westminster Christian Academy,1
2019-09-13,Leeton,16,Wheatland,1
2019-09-14,New Franklin,1,Atlanta,11
2019-09-14,Fayette,6,Atlanta,5
2019-09-14,Community,2,Atlanta,3
2019-09-14,Gainesville,5,Aurora,22
2019-09-14,Reeds Spring,9,Ava,0
2019-09-14,Cassville,7,Ava,8
2019-09-14,East Newton,3,Ava,0
2019-09-14,Bowling Green,0,Battle,5
2019-09-14,Troy Buchanan,3,Blair Oaks,7
2019-09-14,Green City,11,Brashear,8
2019-09-14,Novinger,3,Brashear,14
2019-09-14,Norborne,13,Brashear,2
2019-09-14,California,0,California,12
2019-09-14,Tuscumbia,5,Calvary Lutheran,3
2019-09-14,Vienna,13,Calvary Lutheran,3
2019-09-14,DeKalb,3,Cameron,7
2019-09-14,Plattsburg,10,Cameron,9
2019-09-14,Maysville,9,Cameron,4
2019-09-14,South Shelby,0,Canton,15
2019-09-14,Scotland County,8,Canton,11
2019-09-14,Summit Christian Academy,2,Carrollton,1
2019-09-14,Rolla,6,Carthage,5
2019-09-14,Nixa,2,Carthage,16
2019-09-14,Reeds Spring,10,Cassville,4
2019-09-14,East Newton,8,Cassville,6
2019-09-14,Marceline,14,Chillicothe,5
2019-09-14,Schuyler County,2,Chillicothe,4
2019-09-14,North Callaway,6,Chillicothe,10
2019-09-14,Clark County,11,Chillicothe,7
2019-09-14,Marceline,5,Clark County,4
2019-09-14,Highland,7,Clark County,3
2019-09-14,Silex,6,Clopton,5
2019-09-14,Veritas Christian Academy,9,Clopton,8
2019-09-14,Marshall,10,Community,4
2019-09-14,Higbee,1,Community,13
2019-09-14,Maysville,11,DeKalb,3
2019-09-14,Plattsburg,2,DeKalb,14
2019-09-14,Windsor (Imperial),9,DeSoto,8
2019-09-14,Osage,3,DeSoto,9
2019-09-14,Reeds Spring,3,East Newton,0
2019-09-14,Capital City,6,Eldon,3
2019-09-14,Hancock,4,Elsberry,8
2019-09-14,St. Joseph's Academy,4,Elsberry,2
2019-09-14,Silex,3,Elsberry,7
2019-09-14,Marquette,3,Eureka,15
2019-09-14,Monett,0,Eureka,12
2019-09-14,Perryville,2,Farmington,3
2019-09-14,Knob Noster,0,Farmington,8
2019-09-14,Madison,0,Fayette,15
2019-09-14,Marshall,0,Fayette,8
2019-09-14,Ft. Zumwalt West,17,Festus,5
2019-09-14,St. Dominic,10,Festus,11
2019-09-14,Ozark,2,Francis Howell Central,10
2019-09-14,Raymore-Peculiar,9,Francis Howell Central,1
2019-09-14,Seckman,1,Ft. Zumwalt West,11
2019-09-14,Milan,5,Green City,0
2019-09-14,Veritas Christian Academy,3,Hancock,14
2019-09-14,St. James,8,Hardin-Central,12
2019-09-14,Worth County,14,Hardin-Central,10
2019-09-14,New Franklin,11,Higbee,1
2019-09-14,St. Elizabeth,2,Highland,5
2019-09-14,Webb City,4,Jackson,3
2019-09-14,Owensville,7,Jackson,10
2019-09-14,Marshall,14,Jamestown,4
2019-09-14,New Franklin,17,Jamestown,2
2019-09-14,Madison,3,Jamestown,11
2019-09-14,Wright City,5,Kelly,0
2019-09-14,Eldon,4,Kelly,17
2019-09-14,Lee's Summit West,5,Kickapoo,23
2019-09-14,Oak Grove,4,Kickapoo,14
2019-09-14,Rosati-Kain,4,Knob Noster,12
2019-09-14,Scotland County,10,Knox County,13
2019-09-14,Poplar Bluff,3,Lee's Summit West,9
2019-09-14,Lutheran South,12,Linn,2
2019-09-14,Webb City,10,Logan-Rogersville,0
2019-09-14,Owensville,2,Logan-Rogersville,4
2019-09-14,St. Joseph's Academy,5,Louisiana,3
2019-09-14,Hancock,8,Louisiana,6
2019-09-14,Republic,8,Marquette,9
2019-09-14,Marion C. Early,8,Marshfield,11
2019-09-14,Walnut Grove,4,Marshfield,10
2019-09-14,Plattsburg,3,Maysville,2
2019-09-14,Winston,6,Mercer,7
2019-09-14,Pattonsburg,11,Mercer,0
2019-09-14,Norborne,13,Milan,4
2019-09-14,Republic,4,Monett,12
2019-09-14,Knox County,0,Monroe City,17
2019-09-14,Canton,6,Monroe City,2
2019-09-14,Wellsville-Middletown,0,Monroe City,15
2019-09-14,Veritas Christian Academy,0,Montgomery County,4
2019-09-14,St. Joseph's Academy,12,Montgomery County,2
2019-09-14,Silex,5,Montgomery County,7
2019-09-14,Richmond,7,Nixa,3
2019-09-14,Novinger,0,Norborne,16
2019-09-14,Highland,4,North Callaway,3
2019-09-14,Putnam County,10,North Callaway,8
2019-09-14,St. Elizabeth,3,North Callaway,12
2019-09-14,Osage,0,North County,6
2019-09-14,Windsor (Imperial),0,North County,11
2019-09-14,West Platte,10,North Kansas City,0
2019-09-14,St. Pius X (Kansas City),0,North Kansas City,15
2019-09-14,Raytown South,10,North Kansas City,17
2019-09-14,Linn,7,Northwest (Cedar Hill),12
2019-09-14,Pacific,4,Northwest (Cedar Hill),7
2019-09-14,Father Tolton,2,Notre Dame (St. Louis),0
2019-09-14,Poplar Bluff,2,Oak Grove,13
2019-09-14,Grain Valley,0,Ozark,8
2019-09-14,Lutheran South,3,Pacific,10
2019-09-14,Rosati-Kain,4,Perryville,9
2019-09-14,Summit Christian Academy,16,Polo,1
2019-09-14,Highland,0,Putnam County,2
2019-09-14,Marceline,5,Putnam County,6
2019-09-14,St. Elizabeth,3,Putnam County,10
2019-09-14,Grain Valley,2,Raymore-Peculiar,4
2019-09-14,West Platte,11,Raytown South,0
2019-09-14,St. Pius X (Kansas City),8,Raytown South,13
2019-09-14,Richmond,3,Republic,5
2019-09-14,Richmond,8,Rolla,1
2019-09-14,Marceline,16,Schuyler County,5
2019-09-14,Clark County,6,Schuyler County,0
2019-09-14,St. Elizabeth,4,Schuyler County,6
2019-09-14,South Shelby,3,Scotland County,4
2019-09-14,St. Dominic,1,Seckman,2
2019-09-14,Worth County,12,St. James,4
2019-09-14,Versailles,2,Van-Far,1
2019-09-14,California,0,Van-Far,14
2019-09-14,Vienna,16,Tuscumbia,4
2019-09-14,California,8,Versailles,5
2019-09-14,St. Pius X (Kansas City),0,West Platte,18
2019-09-14,Capital City,0,Wright City,3
2019-09-16,Branson,6,Aurora,7
2019-09-16,Owensville,21,Belle,13
2019-09-16,Hannibal,7,Bowling Green,11
2019-09-16,Bolivar,9,Buffalo,0
2019-09-16,Fatima,10,Capital City,0
2019-09-16,Seneca,11,Carl Junction,5
2019-09-16,Lawson,6,Carrollton,2
2019-09-16,Marshfield,2,Cassville,13
2019-09-16,Mansfield,15,Central (Springfield),0
2019-09-16,Liberty North,7,Central (St. Joseph),2
2019-09-16,Mark Twain,0,Clark County,15
2019-09-16,Marion C. Early,23,Climax Springs,0
2019-09-16,Pleasant Hill,21,Clinton,0
2019-09-16,Lutheran South,1,Cor Jesu Academy,3
2019-09-16,Dora,9,Doniphan,14
2019-09-16,Alton,0,East Carter,10
2019-09-16,Osage,5,Eldon,4
2019-09-16,California,0,Eugene,15
2019-09-16,Timberland,4,Eureka,4
2019-09-16,Webster Groves,2,Eureka,4
2019-09-16,Parkway South,8,Fox,3
2019-09-16,Marquette,5,Fox,0
2019-09-16,Elsberry,1,Ft. Zumwalt East,6
2019-09-16,Bakersfield,20,Gainesville,10
2019-09-16,Kearney,1,Grain Valley,3
2019-09-16,Winnetonka,4,Grandview,19
2019-09-16,Richland,1,Halfway,9
2019-09-16,Harrisburg,0,Hallsville,7
2019-09-16,Warrensburg,2,Harrisonville,4
2019-09-16,Smithville,1,Hartville,5
2019-09-16,Riverview Gardens,15,Hazelwood East,16
2019-09-16,Northwest (Cedar Hill),13,Hazelwood West,2
2019-09-16,Calvary Lutheran,13,Hermann,9
2019-09-16,Kickapoo,12,Hillcrest,0
2019-09-16,Rockwood Summit,6,Hillsboro,2
2019-09-16,Lindbergh,2,Hillsboro,8
2019-09-16,Glasgow,8,Jamestown,15
2019-09-16,St. Clair,3,Jefferson (Festus),4
2019-09-16,McCluer,20,Jennings,3
2019-09-16,East Newton,11,Joplin,0
2019-09-16,Perryville,1,Kelly,2
2019-09-16,Holt,8,Kirkwood,3
2019-09-16,Lafayette (Wildwood),6,Kirkwood,11
2019-09-16,Sherwood,6,Knob Noster,3
2019-09-16,Holt,3,Lafayette (Wildwood),1
2019-09-16,Glendale,3,Lamar,2
2019-09-16,Newburg,5,Laquey,15
2019-09-16,Benton,5,Lathrop,4
2019-09-16,Fulton,11,Lebanon,1
2019-09-16,Blue Springs,6,Lee's Summit North,7
2019-09-16,Rockwood Summit,12,Lindbergh,2
2019-09-16,Highland,9,Louisiana,0
2019-09-16,Crocker,13,Macks Creek,2
2019-09-16,Kirksville,11,Macon,5
2019-09-16,North Shelby,15,Madison,0
2019-09-16,Gateway Science Charter,0,Maplewood-Richmond Hts.,17
2019-09-16,Parkway South,3,Marquette,7
2019-09-16,Boonville,6,Marshall,11
2019-09-16,Lafayette (St. Joseph),3,Mid-Buchanan,0
2019-09-16,Brookfield,17,Milan,0
2019-09-16,Palmyra,15,Moberly,0
2019-09-16,McDonald County,1,Neosho,4
2019-09-16,Father Tolton,5,New Bloomfield,2
2019-09-16,Chillicothe,9,Norborne,10
2019-09-16,Northeast Nodaway,0,North Andrew,7
2019-09-16,Chaffee,2,North County,9
2019-09-16,Maryville,1,North Harrison,0
2019-09-16,Fort Osage,10,North Kansas City,0
2019-09-16,Vienna,2,North Platte,0
2019-09-16,Community,3,Northeast (Cairo),2
2019-09-16,Ava,2,Norwood,1
2019-09-16,Tri-County,20,Novinger,7
2019-09-16,Liberty,21,Park Hill South,5
2019-09-16,Affton,2,Pattonville,5
2019-09-16,Trenton,0,Penney,8
2019-09-16,Blue Springs South,8,Platte County,5
2019-09-16,Mercer,1,Princeton,11
2019-09-16,Lee's Summit West,0,Raymore-Peculiar,2
2019-09-16,Republic,1,Reeds Spring,9
2019-09-16,Incarnate Word Academy,13,Ritenour,0
2019-09-16,Notre Dame (St. Louis),8,Rosati-Kain,12
2019-09-16,St. Michael the Archangel,28,Ruskin,10
2019-09-16,Putnam County,6,Scotland County,1
2019-09-16,St. Clair,8,Sikeston,6
2019-09-16,Raytown South,0,Smithville,15
2019-09-16,Worth County,4,St. Elizabeth,3
2019-09-16,West Platte,9,St. James,8
2019-09-16,Linn,2,Southern Boone,12
2019-09-16,Warrenton,0,St. Dominic,4
2019-09-16,Washington,3,St. Joseph's Academy,7
2019-09-16,Oakville,8,St. Joseph's Academy,6
2019-09-16,Westran,10,Worth County,0
2019-09-16,St. Pius X (Kansas City),1,Summit Christian Academy,15
2019-09-16,Lee's Summit,4,St. Charles,1
2019-09-16,Mehlville,9,Ursuline Academy,10
2019-09-16,Russellville,8,Versailles,0
2019-09-16,Salem,9,Waynesville,7
2019-09-16,Timberland,4,Webster Groves,9
2019-09-16,Marion County,14,Wellsville-Middletown,4
2019-09-16,St. Charles,6,Westminster Christian Academy,9
2019-09-16,Raytown,1,William Chrisman,11
2019-09-16,St. Pius X (Festus),3,Windsor (Imperial),10
2019-09-17,Worth County,6,Albany,4
2019-09-17,Couch,1,Alton,16
2019-09-17,East Newton,10,Aurora,7
2019-09-17,Helias Catholic,5,Blair Oaks,1
2019-09-17,Park Hill,8,Blue Springs South,7
2019-09-17,Montgomery County,6,Bowling Green,17
2019-09-17,Republic,8,Branson,5
2019-09-17,Novinger,0,Brashear,15
2019-09-17,Versailles,0,California,2
2019-09-17,Chillicothe,5,Cameron,7
2019-09-17,Sikeston,8,Central (Cape Girardeau),5
2019-09-17,Kearney,3,Central (St. Joseph),6
2019-09-17,Palmyra,8,Clark County,3
2019-09-17,North Callaway,11,Clopton,1
2019-09-17,Salem,0,Community,15
2019-09-17,Northeast Nodaway,0,DeKalb,10
2019-09-17,Festus,11,DeSoto,6
2019-09-17,Hartville,5,Dixon,1
2019-09-17,East Carter,11,Doniphan,1
2019-09-17,Clinton,6,El Dorado Springs,16
2019-09-17,Eugene,14,Eldon,5
2019-09-17,Kirkwood,1,Eureka,6
2019-09-17,Parkway South,4,Eureka,9
2019-09-17,North County,8,Farmington,3
2019-09-17,St. Joseph's Academy,1,Father Tolton,0
2019-09-17,William Chrisman,1,Fort Osage,11
2019-09-17,Battle,10,Francis Howell,0
2019-09-17,Troy Buchanan,8,Francis Howell North,1
2019-09-17,Hazelwood Central,3,Ft. Zumwalt North,13
2019-09-17,Ft. Zumwalt East,4,Ft. Zumwalt South,2
2019-09-17,Francis Howell Central,3,Ft. Zumwalt West,2
2019-09-17,Moberly,1,Fulton,16
2019-09-17,Madison,3,Glasgow,13
2019-09-17,Linn County,9,Green City,13
2019-09-17,Walnut Grove,13,Halfway,14
2019-09-17,Osage,2,Hallsville,4
2019-09-17,Monroe City,1,Hannibal,2
2019-09-17,Pacific,18,Hermann,3
2019-09-17,Canton,4,Highland,2
2019-09-17,Marquette,2,Hillsboro,3
2019-09-17,Holt,5,Hillsboro,3
2019-09-17,Lafayette County,0,Holden,15
2019-09-17,Lutheran South,5,Incarnate Word Academy,6
2019-09-17,Nerinx Hall,2,Jefferson (Festus),17
2019-09-17,Rock Bridge,6,Jefferson City,1
2019-09-17,Clayton,14,Jennings,3
2019-09-17,Carthage,9,Joplin,1
2019-09-17,Camdenton,1,Kickapoo,16
2019-09-17,Rockwood Summit,16,Kirkwood,13
2019-09-17,Parkview,2,Lebanon,20
2019-09-17,Staley,14,Lee's Summit,4
2019-09-17,Lee's Summit North,2,Lee's Summit West,3
2019-09-17,Knob Noster,16,Lexington,1
2019-09-17,St. Charles,2,Liberty,5
2019-09-17,Washington,6,Liberty (Wentzville),1
2019-09-17,Park Hill South,4,Liberty North,5
2019-09-17,Nevada,3,Logan-Rogersville,4
2019-09-17,Wheatland,1,Macks Creek,11
2019-09-17,Dora,14,Mansfield,11
2019-09-17,Webster Groves,5,Marquette,0
2019-09-17,Reeds Spring,6,Marshfield,1
2019-09-17,Milan,0,Maysville,10
2019-09-17,University City,21,McCluer,1
2019-09-17,Seneca,3,McDonald County,11
2019-09-17,Atlanta,11,Meadville,1
2019-09-17,Centralia,4,Mexico,5
2019-09-17,Cassville,0,Monett,6
2019-09-17,Neelyville,2,Naylor,9
2019-09-17,Carl Junction,0,Neosho,10
2019-09-17,Linn,0,New Bloomfield,8
2019-09-17,Fayette,21,New Franklin,3
2019-09-17,Iberia,18,Newburg,0
2019-09-17,Ozark,10,Nixa,5
2019-09-17,Leeton,3,Norborne,4
2019-09-17,Lathrop,7,North Platte,3
2019-09-17,Mehlville,3,Northwest (Cedar Hill),13
2019-09-17,St. Dominic,2,Notre Dame (St. Louis),5
2019-09-17,Belton,3,Oak Park,8
2019-09-17,Oak Grove,8,Odessa,5
2019-09-17,Parkway Central,4,Parkway North,1
2019-09-17,Rockwood Summit,7,Parkway South,12
2019-09-17,Oakville,2,Parkway West,3
2019-09-17,Hazelwood West,7,Pattonville,8
2019-09-17,Herculaneum,1,Perryville,11
2019-09-17,Smithville,0,Platte County,8
2019-09-17,St. Michael the Archangel,0,Plattsburg,17
2019-09-17,Harrisonville,7,Pleasant Hill,5
2019-09-17,Notre Dame (Cape Girardeau),16,Poplar Bluff,1
2019-09-17,Gallatin,5,Princeton,6
2019-09-17,Polo,0,Putnam County,10
2019-09-17,Notre Dame de Sion,0,Raymore-Peculiar,16
2019-09-17,Ruskin,3,Raytown,18
2019-09-17,Grandview,15,Raytown South,16
2019-09-17,Belle,7,Richland,9
2019-09-17,Carrollton,0,Richmond,10
2019-09-17,Webster Groves,9,Rockwood Summit,4
2019-09-17,Central (Springfield),2,Rolla,18
2019-09-17,Van-Far,4,Russellville,6
2019-09-17,Maryville,0,Savannah,10
2019-09-17,Marceline,10,Schuyler County,0
2019-09-17,Knox County,9,Scotland County,8
2019-09-17,Jackson,1,Seckman,6
2019-09-17,Gainesville,4,Smithville,14
2019-09-17,Warsaw,8,Sherwood,0
2019-09-17,Mark Twain,5,Silex,10
2019-09-17,Slater,0,Southern Boone,4
2019-09-17,Orchard Farm,6,St. Charles,13
2019-09-17,Webb City,15,St. Clair,0
2019-09-17,Owensville,15,St. James,2
2019-09-17,Lafayette (St. Joseph),15,St. Pius X (Kansas City),0
2019-09-17,North Andrew,3,Vienna,13
2019-09-17,Pilot Grove,15,Worth County,2
2019-09-17,West Platte,2,Summit Christian Academy,5
2019-09-17,St. Elizabeth,0,Trenton,14
2019-09-17,Fatima,13,Tuscumbia,1
2019-09-17,Chaffee,2,St. Clair,3
2019-09-17,New Haven,0,Union,10
2019-09-17,Bayless,2,Valley Park,21
2019-09-17,Elsberry,1,Van-Far,11
2019-09-17,Cuba,0,Vienna,10
2019-09-17,Excelsior Springs,8,Warrensburg,4
2019-09-17,Crocker,3,Waynesville,4
2019-09-17,Humansville,0,Weaubleau,19
2019-09-17,Willard,0,Webb City,10
2019-09-17,Holt,9,Webster Groves,2
2019-09-17,West Plains,15,Willow Springs,2
2019-09-17,Grain Valley,18,Winnetonka,0
2019-09-17,Louisiana,3,Wright City,4
2019-09-18,Valley Park,1,Affton,16
2019-09-18,Rosati-Kain,9,Bishop DuBourg,8
2019-09-18,Mexico,13,Boonville,9
2019-09-18,Seckman,12,DeSoto,1
2019-09-18,Holt,5,Eureka,6
2019-09-18,Lafayette (Wildwood),2,Fox,4
2019-09-18,Timberland,4,Fox,3
2019-09-18,Logan-Rogersville,10,Glendale,0
2019-09-18,Grandview,2,Grain Valley,17
2019-09-18,Hazelwood East,2,Hazelwood Central,18
2019-09-18,Parkway South,7,Hillsboro,0
2019-09-18,Farmington,7,Jackson,3
2019-09-18,Central (Cape Girardeau),3,Kelly,13
2019-09-18,Nixa,0,Kickapoo,13
2019-09-18,Marquette,4,Kirkwood,2
2019-09-18,St. Joseph's Academy,15,Ladue Horton Watkins,0
2019-09-18,Lindbergh,7,Lafayette (Wildwood),11
2019-09-18,Timberland,5,Lindbergh,0
2019-09-18,Metro,0,Maplewood-Richmond Hts.,16
2019-09-18,Polo,0,Maysville,10
2019-09-18,McCluer North,19,McCluer,4
2019-09-18,Cor Jesu Academy,17,Nerinx Hall,0
2019-09-18,Notre Dame (Cape Girardeau),14,North County,9
2019-09-18,Belton,16,North Kansas City,0
2019-09-18,Ft. Zumwalt South,6,Oakville,16
2019-09-18,Mid-Buchanan,2,Plattsburg,12
2019-09-18,Webster Groves,9,Rockwood Summit,4
2019-09-18,Union,7,Rolla,5
2019-09-18,Pacific,4,St. Joseph's Academy,10
2019-09-18,Notre Dame de Sion,0,St. Teresa's Academy,10
2019-09-18,Oak Park,3,Staley,13
2019-09-18,Parkway North,5,Ursuline Academy,4
2019-09-18,Harrisburg,2,Westran,15
2019-09-18,Northwest (Cedar Hill),18,Windsor (Imperial),3
2019-09-18,Veritas Christian Academy,0,Winfield,15
2019-09-18,Orchard Farm,2,Wright City,8
2019-09-19,Bakersfield,15,Alton,16
2019-09-19,Raytown,1,Belton,11
2019-09-19,Atlanta,16,Bevier,0
2019-09-19,Lafayette (St. Joseph),16,Bishop LeBlond,0
2019-09-19,Palmyra,8,Bowling Green,9
2019-09-19,St. Pius X (Kansas City),0,Cameron,15
2019-09-19,Brashear,0,Canton,12
2019-09-19,Willard,6,Carl Junction,0
2019-09-19,Lexington,3,Carrollton,13
2019-09-19,Republic,8,Carthage,1
2019-09-19,McDonald County,15,Cassville,0
2019-09-19,North County,14,Central (Cape Girardeau),3
2019-09-19,Lee's Summit,4,Central (St. Joseph),1
2019-09-19,Brookfield,8,Centralia,7
2019-09-19,Van Buren,4,Chaffee,11
2019-09-19,Savannah,4,Chillicothe,1
2019-09-19,Rosati-Kain,4,Cor Jesu Academy,5
2019-09-19,Westran,10,Crocker,2
2019-09-19,St. Vincent,6,DeSoto,13
2019-09-19,Warsaw,16,El Dorado Springs,0
2019-09-19,North Callaway,3,Elsberry,10
2019-09-19,Oak Grove,3,Excelsior Springs,6
2019-09-19,Westran,0,Fayette,7
2019-09-19,Troy Buchanan,13,Francis Howell,2
2019-09-19,Francis Howell Central,6,Francis Howell North,1
2019-09-19,Farmington,17,Fredericktown,1
2019-09-19,Maysville,12,Gallatin,0
2019-09-19,Brentwood,25,Gateway Science Charter,8
2019-09-19,Raytown South,0,Grain Valley,19
2019-09-19,Smithville,19,Grandview,2
2019-09-19,Scotland County,10,Harrisburg,2
2019-09-19,Ladue Horton Watkins,15,Hazelwood Central,19
2019-09-19,Pattonville,5,Hazelwood West,3
2019-09-19,St. Joseph's Academy,1,Helias Catholic,17
2019-09-19,Festus,12,Herculaneum,5
2019-09-19,New Franklin,14,Higbee,0
2019-09-19,Parkview,0,Hillcrest,22
2019-09-19,Leeton,24,Humansville,2
2019-09-19,Waynesville,0,Iberia,11
2019-09-19,St. Dominic,5,Incarnate Word Academy,6
2019-09-19,Calvary Lutheran,17,Jamestown,0
2019-09-19,Nixa,6,Joplin,7
2019-09-19,Highland,2,Kirksville,7
2019-09-19,Lafayette County,4,Knob Noster,1
2019-09-19,Schuyler County,3,Knox County,0
2019-09-19,Central (Springfield),17,Laquey,2
2019-09-19,Mid-Buchanan,4,Lathrop,14
2019-09-19,East Buchanan,6,Lawson,3
2019-09-19,Liberty North,6,Liberty,5
2019-09-19,Wellsville-Middletown,0,Louisiana,14
2019-09-19,Schuyler County,5,Marceline,6
2019-09-19,Benton,4,Maryville,1
2019-09-19,Ritenour,14,McCluer North,3
2019-09-19,Fulton,1,Mexico,2
2019-09-19,Marshall,0,Moberly,10
2019-09-19,Clopton,3,Montgomery County,7
2019-09-19,Poplar Bluff,8,Naylor,7
2019-09-19,St. Clair,2,Neelyville,1
2019-09-19,Ozark,5,Neosho,4
2019-09-19,Hermann,5,New Haven,15
2019-09-19,Linn County,3,North Shelby,13
2019-09-19,Glasgow,2,Northeast (Cairo),17
2019-09-19,Hartville,0,Norwood,5
2019-09-19,Maplewood-Richmond Hts.,0,Orchard Farm,15
2019-09-19,Eugene,7,Osage,4
2019-09-19,St. Clair,5,Owensville,16
2019-09-19,Union,4,Pacific,5
2019-09-19,Blue Springs,6,Park Hill,5
2019-09-19,Lee's Summit West,2,Park Hill South,12
2019-09-19,Affton,4,Parkway North,3
2019-09-19,Rockwood Summit,7,Parkway South,3
2019-09-19,Worth County,18,Pattonsburg,8
2019-09-19,Plattsburg,0,Penney,12
2019-09-19,Jefferson (Festus),5,Perryville,10
2019-09-19,Kearney,2,Platte County,6
2019-09-19,Odessa,1,Pleasant Hill,5
2019-09-19,Trenton,12,Polo,1
2019-09-19,Princeton,6,Putnam County,12
2019-09-19,Blue Springs South,0,Raymore-Peculiar,5
2019-09-19,Monett,0,Reeds Spring,4
2019-09-19,Holden,0,Richmond,2
2019-09-19,Jennings,2,Riverview Gardens,12
2019-09-19,Fort Osage,20,Ruskin,1
2019-09-19,Cuba,6,Salem,7
2019-09-19,Eureka,4,Seckman,5
2019-09-19,Logan-Rogersville,1,Seneca,2
2019-09-19,Buffalo,0,Sherwood,6
2019-09-19,Wright City,4,Silex,0
2019-09-19,Hallsville,11,Slater,9
2019-09-19,Milan,6,St. Elizabeth,7
2019-09-19,DeKalb,9,St. James,8
2019-09-19,California,1,Southern Boone,11
2019-09-19,Summit Christian Academy,1,St. Teresa's Academy,11
2019-09-19,St. Charles,2,Staley,1
2019-09-19,Madison,3,Worth County,11
2019-09-19,St. James,0,Webb City,15
2019-09-19,Russellville,20,Tuscumbia,3
2019-09-19,Clayton,1,University City,16
2019-09-19,Liberty (Wentzville),14,Ursuline Academy,6
2019-09-19,Hancock,4,Valley Park,6
2019-09-19,Richland,1,Versailles,11
2019-09-19,St. Charles,2,Warrenton,4
2019-09-19,Ft. Zumwalt South,11,Washington,9
2019-09-19,Branson,0,Webb City,10
2019-09-19,Rolla,12,West Plains,8
2019-09-19,North Platte,18,West Platte,5
2019-09-19,Lutheran South,10,Westminster Christian Academy,5
2019-09-19,North Kansas City,1,William Chrisman,8
2019-09-19,Mansfield,12,Willow Springs,1
2019-09-19,Notre Dame (St. Louis),0,Windsor (Imperial),2
2019-09-20,Branson,10,Aurora,9
2019-09-20,Brentwood,16,Bayless,1
2019-09-20,Crocker,12,Belle,2
2019-09-20,Rock Bridge,0,Blair Oaks,1
2019-09-20,Fort Osage,5,Blue Springs,10
2019-09-20,Warrensburg,5,Blue Springs,9
2019-09-20,Harrisonville,3,Blue Springs South,13
2019-09-20,Smithville,9,Blue Springs South,4
2019-09-20,La Plata,7,Brashear,3
2019-09-20,Savannah,0,California,5
2019-09-20,Higbee,0,Calvary Lutheran,11
2019-09-20,East Carter,3,Camdenton,0
2019-09-20,Macon,16,Camdenton,0
2019-09-20,Bolivar,19,Cassville,2
2019-09-20,Hillcrest,7,Cassville,8
2019-09-20,Lee's Summit,9,Centralia,4
2019-09-20,Oakville,10,Centralia,4
2019-09-20,Worth County,4,Community,19
2019-09-20,Wheatland,3,El Dorado Springs,10
2019-09-20,Lebanon,5,Eldon,6
2019-09-20,Notre Dame (Cape Girardeau),10,Fatima,0
2019-09-20,Incarnate Word Academy,5,Francis Howell Central,6
2019-09-20,St. Charles,8,Francis Howell North,9
2019-09-20,St. Pius X (Festus),5,Fredericktown,3
2019-09-20,Timberland,0,Ft. Zumwalt West,15
2019-09-20,Branson,2,Glendale,9
2019-09-20,Aurora,14,Glendale,7
2019-09-20,Grandview,2,Grain Valley,17
2019-09-20,Smithville,12,Harrisonville,3
2019-09-20,Weaubleau,13,Hermitage,1
2019-09-20,Bolivar,12,Hillcrest,1
2019-09-20,Macon,3,Jefferson City,6
2019-09-20,East Carter,0,Jefferson City,8
2019-09-20,Kickapoo,17,Joplin,2
2019-09-20,West Plains,3,Lamar,2
2019-09-20,Neosho,8,Lamar,5
2019-09-20,Helias Catholic,6,Lee's Summit,2
2019-09-20,Palmyra,2,Lee's Summit North,9
2019-09-20,Notre Dame (Cape Girardeau),2,Lee's Summit North,3
2019-09-20,Macks Creek,5,Leeton,14
2019-09-20,Tuscumbia,1,Linn,9
2019-09-20,Webb City,9,Mexico,4
2019-09-20,Rock Bridge,10,Mexico,0
2019-09-20,Vienna,16,Newburg,0
2019-09-20,Warrenton,2,Northwest (Cedar Hill),10
2019-09-20,Linn County,11,Novinger,1
2019-09-20,Staley,11,Oak Park,7
2019-09-20,Park Hill,17,Oak Park,1
2019-09-20,Helias Catholic,1,Oakville,2
2019-09-20,Fatima,4,Palmyra,8
2019-09-20,Staley,2,Park Hill,3
2019-09-20,William Chrisman,0,Park Hill South,15
2019-09-20,Willard,1,Park Hill South,11
2019-09-20,Kirkwood,7,Parkway Central,1
2019-09-20,Lafayette (Wildwood),16,Parkway North,3
2019-09-20,Nerinx Hall,3,Parkway West,7
2019-09-20,Liberty North,15,Raytown,0
2019-09-20,Webb City,15,Raytown,0
2019-09-20,Ft. Zumwalt North,10,Ritenour,4
2019-09-20,Lebanon,5,Seneca,4
2019-09-20,Eldon,2,Seneca,10
2019-09-20,Laquey,13,Smithville,15
2019-09-20,Iberia,6,Van-Far,8
2019-09-20,Ursuline Academy,2,St. Joseph's Academy,3
2019-09-20,Blair Oaks,3,Webb City,4
2019-09-20,Hillsboro,13,Union,8
2019-09-20,St. Vincent,8,Valley Park,8
2019-09-20,Fort Osage,4,Warrensburg,5
2019-09-20,Winfield,5,Washington,4
2019-09-20,Liberty North,7,Webb City,4
2019-09-20,New Bloomfield,15,Wellsville-Middletown,0
2019-09-20,Neosho,8,West Plains,4
2019-09-20,William Chrisman,0,Willard,10
2019-09-21,Norwood,10,Alton,4
2019-09-21,Cassville,1,Aurora,10
2019-09-21,Lebanon,6,Aurora,1
2019-09-21,West Plains,14,Aurora,4
2019-09-21,Alton,3,Ava,18
2019-09-21,Gainesville,10,Ava,8
2019-09-21,Bakersfield,7,Ava,8
2019-09-21,Mansfield,14,Bakersfield,1
2019-09-21,Couch,1,Bakersfield,18
2019-09-21,Bishop LeBlond,0,Benton,14
2019-09-21,Scotland County,19,Bevier,2
2019-09-21,Helias Catholic,11,Blair Oaks,4
2019-09-21,Notre Dame (Cape Girardeau),0,Blair Oaks,1
2019-09-21,Park Hill South,0,Blue Springs,1
2019-09-21,Smithville,9,Blue Springs South,4
2019-09-21,Harrisonville,3,Blue Springs South,13
2019-09-21,Neosho,3,Bolivar,2
2019-09-21,Centralia,15,Camdenton,0
2019-09-21,Mexico,5,Camdenton,0
2019-09-21,West Plains,7,Cassville,2
2019-09-21,Lebanon,5,Cassville,4
2019-09-21,Fatima,13,Centralia,17
2019-09-21,Higbee,16,Clinton,13
2019-09-21,Neelyville,14,Cuba,4
2019-09-21,Mansfield,3,Dora,9
2019-09-21,Couch,2,Dora,20
2019-09-21,Norwood,6,Dora,10
2019-09-21,Helias Catholic,13,East Carter,1
2019-09-21,Notre Dame (Cape Girardeau),10,East Carter,7
2019-09-21,Weaubleau,2,El Dorado Springs,4
2019-09-21,Branson,9,Eldon,8
2019-09-21,St. Dominic,1,Father Tolton,6
2019-09-21,Jamestown,1,Fayette,16
2019-09-21,Harrisburg,4,Fayette,7
2019-09-21,Glasgow,2,Fayette,28
2019-09-21,Northwest (Cedar Hill),14,Francis Howell Central,9
2019-09-21,Francis Howell North,5,Francis Howell Central,6
2019-09-21,Winfield,5,Francis Howell North,12
2019-09-21,St. Vincent,8,Fredericktown,6
2019-09-21,Valley Park,14,Fredericktown,13
2019-09-21,Mansfield,12,Gainesville,4
2019-09-21,Norwood,11,Gainesville,3
2019-09-21,Jamestown,14,Glasgow,3
2019-09-21,Worth County,9,Glasgow,8
2019-09-21,Seneca,6,Glendale,5
2019-09-21,Neosho,13,Glendale,5
2019-09-21,Bolivar,6,Glendale,0
2019-09-21,New Bloomfield,10,Hallsville,9
2019-09-21,Worth County,3,Harrisburg,8
2019-09-21,Macks Creek,14,Hermitage,0
2019-09-21,Wheatland,16,Hermitage,9
2019-09-21,Lamar,6,Hillcrest,1
2019-09-21,Branson,4,Hillcrest,1
2019-09-21,Eldon,7,Hillcrest,8
2019-09-21,Lee's Summit North,6,Jefferson City,16
2019-09-21,Oakville,0,Jefferson City,9
2019-09-21,Branson,0,Lamar,8
2019-09-21,Eldon,7,Lamar,6
2019-09-21,Palmyra,8,Lee's Summit,9
2019-09-21,Webb City,0,Lee's Summit North,3
2019-09-21,Weaubleau,5,Leeton,2
2019-09-21,Bowling Green,11,Liberty (Wentzville),5
2019-09-21,Mark Twain,9,Linn County,4
2019-09-21,Marion County,3,Linn County,5
2019-09-21,Marion C. Early,5,Macks Creek,2
2019-09-21,Rock Bridge,15,Macon,0
2019-09-21,Lee's Summit,11,Macon,3
2019-09-21,Wheatland,2,Marion C. Early,11
2019-09-21,Van-Far,13,Marion County,2
2019-09-21,Van-Far,6,Mark Twain,10
2019-09-21,Scotland County,17,Mark Twain,2
2019-09-21,Fatima,4,Mexico,0
2019-09-21,Highland,8,Moberly,0
2019-09-21,Wellsville-Middletown,0,Moberly,13
2019-09-21,Community,2,Moberly,5
2019-09-21,Capital City,8,New Haven,4
2019-09-21,Northeast (Cairo),4,North Callaway,12
2019-09-21,Highland,11,North Callaway,1
2019-09-21,Community,1,North Callaway,5
2019-09-21,Scotland County,11,North Shelby,5
2019-09-21,Van-Far,9,North Shelby,2
2019-09-21,Winfield,7,Northwest (Cedar Hill),18
2019-09-21,Webb City,3,Oakville,7
2019-09-21,Capital City,0,Owensville,8
2019-09-21,New Haven,4,Owensville,12
2019-09-21,Slater,5,Owensville,2
2019-09-21,Rock Bridge,7,Palmyra,10
2019-09-21,Ft. Zumwalt East,13,Pattonville,3
2019-09-21,Neelyville,3,Salem,4
2019-09-21,Cuba,9,Salem,24
2019-09-21,Highland,10,Schuyler County,4
2019-09-21,Westran,3,Schuyler County,5
2019-09-21,Wellsville-Middletown,0,Schuyler County,7
2019-09-21,Neosho,7,Seneca,1
2019-09-21,Bolivar,3,Seneca,2
2019-09-21,Harrisburg,14,Salem,2
2019-09-21,Worth County,7,Salem,8
2019-09-21,Jamestown,9,Salem,4
2019-09-21,Capital City,0,Slater,5
2019-09-21,New Haven,2,Slater,18
2019-09-21,Washington,4,St. Charles,2
2019-09-21,Incarnate Word Academy,12,St. Charles,5
2019-09-21,Salem,20,St. James,3
2019-09-21,Neelyville,11,St. James,4
2019-09-21,St. Vincent,0,St. Pius X (Festus),10
2019-09-21,Valley Park,2,St. Pius X (Festus),11
2019-09-21,Poplar Bluff,1,Troy Buchanan,16
2019-09-21,Washington,1,Warrenton,9
2019-09-21,Incarnate Word Academy,5,Warrenton,6
2019-09-21,Staley,7,Webb City,2
2019-09-21,Lebanon,2,West Plains,3
2019-09-21,Community,13,Westran,5
2019-09-21,Northeast (Cairo),1,Westran,5
2019-09-23,Willow Springs,26,Alton,13
2019-09-23,Marshfield,10,Aurora,11
2019-09-23,Versailles,2,Blair Oaks,12
2019-09-23,Lee's Summit West,1,Blue Springs,4
2019-09-23,Lee's Summit North,6,Blue Springs South,3
2019-09-23,Fulton,3,Boonville,0
2019-09-23,Osage,13,Buffalo,3
2019-09-23,Van-Far,9,Calvary Lutheran,8
2019-09-23,Highland,0,Canton,7
2019-09-23,Smithville,0,Cassville,10
2019-09-23,Parkview,4,Central (Springfield),19
2019-09-23,Brookfield,2,Clark County,5
2019-09-23,Normandy Collaborative,2,Clayton,20
2019-09-23,Bolivar,15,Clinton,0
2019-09-23,Oakville,10,Cor Jesu Academy,2
2019-09-23,Vienna,12,Cuba,2
2019-09-23,St. Clair,11,Doniphan,9
2019-09-23,St. James,1,East Buchanan,15
2019-09-23,Logan-Rogersville,14,East Newton,6
2019-09-23,Lamar,6,El Dorado Springs,0
2019-09-23,Capital City,8,Eldon,7
2019-09-23,Kirkwood,0,Eureka,14
2019-09-23,Richmond,10,Excelsior Springs,15
2019-09-23,North County,10,Festus,4
2019-09-23,Belton,9,Fort Osage,10
2019-09-23,Ft. Zumwalt West,11,Ft. Zumwalt East,1
2019-09-23,Francis Howell Central,8,Ft. Zumwalt North,3
2019-09-23,Lafayette (Wildwood),5,Ft. Zumwalt South,1
2019-09-23,Platte County,18,Grandview,0
2019-09-23,Francis Howell North,12,Hazelwood West,1
2019-09-23,Bishop DuBourg,5,Herculaneum,4
2019-09-23,Incarnate Word Academy,12,Hillsboro,8
2019-09-23,Odessa,16,Holden,8
2019-09-23,Liberty (Wentzville),2,Holt,13
2019-09-23,Seneca,5,Joplin,2
2019-09-23,Chaffee,3,Kelly,9
2019-09-23,Hannibal,1,Kirksville,13
2019-09-23,California,1,Knob Noster,0
2019-09-23,Lutheran South,15,Ladue Horton Watkins,2
2019-09-23,Penney,7,Lafayette (St. Joseph),0
2019-09-23,Trenton,10,Lawson,3
2019-09-23,Camdenton,2,Lebanon,5
2019-09-23,Park Hill South,3,Lee's Summit,6
2019-09-23,Chillicothe,17,Lexington,1
2019-09-23,Meadville,11,Linn County,17
2019-09-23,Marion C. Early,5,Macks Creek,2
2019-09-23,Mexico,11,Marshall,13
2019-09-23,Lathrop,0,Maysville,10
2019-09-23,Notre Dame (St. Louis),14,Mehlville,8
2019-09-23,Soldan International Studies,5,Metro,24
2019-09-23,Putnam County,3,Moberly,0
2019-09-23,Carl Junction,2,Monett,5
2019-09-23,Ursuline Academy,12,Nerinx Hall,1
2019-09-23,Community,11,New Franklin,1
2019-09-23,McDonald County,8,Nixa,5
2019-09-23,Ruskin,0,North Kansas City,18
2019-09-23,Sikeston,2,Notre Dame (Cape Girardeau),15
2019-09-23,Green City,20,Novinger,0
2019-09-23,Rock Bridge,12,Palmyra,2
2019-09-23,Fox,4,Parkway West,1
2019-09-23,Parkway North,11,Pattonville,12
2019-09-23,Fredericktown,2,Perryville,14
2019-09-23,Russellville,16,Pilot Grove,0
2019-09-23,St. Pius X (Kansas City),0,Plattsburg,18
2019-09-23,Farmington,15,Poplar Bluff,9
2019-09-23,Oak Park,12,Raytown,7
2019-09-23,Mansfield,0,Reeds Spring,15
2019-09-23,Marquette,0,Rockwood Summit,5
2019-09-23,North Platte,0,Savannah,3
2019-09-23,Northwest (Cedar Hill),7,Seckman,10
2019-09-23,Battle,10,Savannah,0
2019-09-23,New Haven,0,Slater,7
2019-09-23,Macon,19,South Shelby,2
2019-09-23,Ritenour,5,St. Charles,15
2019-09-23,Linn,7,Van-Far,2
2019-09-23,St. Dominic,0,St. Joseph's Academy,10
2019-09-23,Jefferson (Festus),11,St. Vincent,9
2019-09-23,Liberty,12,Staley,1
2019-09-23,Dixon,0,Westran,15
2019-09-23,Atlanta,11,Worth County,1
2019-09-23,Central (St. Joseph),0,St. Charles,11
2019-09-23,Lindbergh,7,Valley Park,5
2019-09-23,Naylor,9,Van Buren,0
2019-09-23,Oak Grove,11,Warrensburg,8
2019-09-23,Eugene,12,Warsaw,5
2019-09-23,Parkway Central,7,Webster Groves,4
2019-09-23,Hermann,18,Wellsville-Middletown,10
2019-09-23,Glendale,9,West Plains,4
2019-09-23,Halfway,11,Wheatland,7
2019-09-23,Norborne,12,Winston,0
2019-09-24,Brashear,2,Atlanta,12
2019-09-24,Reeds Spring,17,Aurora,0
2019-09-24,West Plains,14,Aurora,3
2019-09-24,Blue Springs South,9,Battle,0
2019-09-24,Hancock,17,Bayless,1
2019-09-24,Cuba,9,Belle,12
2019-09-24,North Kansas City,8,Belton,18
2019-09-24,Notre Dame de Sion,0,Benton,10
2019-09-24,Osage,0,Blair Oaks,8
2019-09-24,Rock Bridge,12,Blue Springs,2
2019-09-24,Silex,0,Bowling Green,9
2019-09-24,Maplewood-Richmond Hts.,2,Brentwood,5
2019-09-24,Macks Creek,1,Calvary Lutheran,10
2019-09-24,Webb City,9,Carl Junction,0
2019-09-24,Warsaw,18,Clinton,0
2019-09-24,Louisiana,8,Clopton,2
2019-09-24,Iberia,11,Crocker,0
2019-09-24,Hillsboro,12,DeSoto,2
2019-09-24,Van Buren,1,East Carter,6
2019-09-24,Weaubleau,2,El Dorado Springs,4
2019-09-24,Tuscumbia,2,Eugene,12
2019-09-24,Pleasant Hill,5,Excelsior Springs,2
2019-09-24,Central (Cape Girardeau),6,Farmington,8
2019-09-24,Hallsville,0,Father Tolton,5
2019-09-24,New Bloomfield,0,Fatima,5
2019-09-24,Francis Howell,1,Francis Howell Central,9
2019-09-24,Doniphan,10,Fredericktown,0
2019-09-24,Liberty (Wentzville),5,Ft. Zumwalt East,9
2019-09-24,Ft. Zumwalt North,5,Ft. Zumwalt South,13
2019-09-24,Francis Howell North,0,Ft. Zumwalt West,3
2019-09-24,St. Elizabeth,3,Gallatin,1
2019-09-24,New Franklin,8,Glasgow,3
2019-09-24,Grain Valley,16,Grandview,0
2019-09-24,Central (Springfield),2,Halfway,12
2019-09-24,Highland,6,Hannibal,2
2019-09-24,Norborne,10,Hardin-Central,9
2019-09-24,Higbee,1,Harrisburg,11
2019-09-24,Ava,4,Hartville,2
2019-09-24,Jennings,14,Hazelwood East,10
2019-09-24,Southern Boone,3,Helias Catholic,7
2019-09-24,Wheatland,8,Hermitage,23
2019-09-24,Carrollton,19,Holden,9
2019-09-24,Troy Buchanan,6,Holt,7
2019-09-24,St. Pius X (Festus),9,Jefferson (Festus),1
2019-09-24,Raytown South,0,Kearney,15
2019-09-24,Hazelwood West,3,Kirkwood,1
2019-09-24,Richmond,6,Knob Noster,1
2019-09-24,Fayette,16,Knox County,4
2019-09-24,Bevier,0,La Plata,15
2019-09-24,Clayton,4,Ladue Horton Watkins,14
2019-09-24,St. Joseph's Academy,0,Lafayette (Wildwood),8
2019-09-24,Lexington,1,Lafayette County,6
2019-09-24,Raymore-Peculiar,8,Lee's Summit North,4
2019-09-24,Humansville,0,Leeton,17
2019-09-24,Lee's Summit,4,Liberty North,5
2019-09-24,Slater,2,Linn,12
2019-09-24,Canton,7,Macon,3
2019-09-24,Salem,7,Madison,15
2019-09-24,Oakville,4,Marquette,1
2019-09-24,Kirksville,9,Marshall,10
2019-09-24,Seneca,10,Marshfield,1
2019-09-24,Chillicothe,5,Maryville,3
2019-09-24,Putnam County,2,Maysville,0
2019-09-24,Hazelwood Central,18,McCluer North,2
2019-09-24,Lamar,1,McDonald County,3
2019-09-24,Lindbergh,13,Mehlville,2
2019-09-24,Moberly,3,Mexico,12
2019-09-24,Cameron,5,Mid-Buchanan,7
2019-09-24,Sikeston,14,Neelyville,10
2019-09-24,Webb City,19,New Haven,1
2019-09-24,Riverview Gardens,19,Normandy Collaborative,17
2019-09-24,Perryville,5,North County,10
2019-09-24,Penney,13,North Harrison,4
2019-09-24,North Andrew,2,North Platte,12
2019-09-24,Worth County,0,Northeast (Cairo),6
2019-09-24,St. James,9,Northeast Nodaway,6
2019-09-24,Parkway West,3,Northwest (Cedar Hill),9
2019-09-24,Gainesville,10,Norwood,11
2019-09-24,Lutheran South,1,Notre Dame (St. Louis),11
2019-09-24,Fort Osage,10,Oak Park,2
2019-09-24,Harrisonville,0,Odessa,10
2019-09-24,Valley Park,6,Orchard Farm,16
2019-09-24,Owensville,0,Pacific,2
2019-09-24,South Shelby,0,Palmyra,15
2019-09-24,Lee's Summit West,1,Park Hill,2
2019-09-24,St. Charles,9,Park Hill South,7
2019-09-24,Nerinx Hall,8,Parkway Central,18
2019-09-24,Fox,13,Pattonville,0
2019-09-24,Jamestown,8,Pilot Grove,18
2019-09-24,Winnetonka,0,Platte County,16
2019-09-24,Princeton,13,Polo,1
2019-09-24,Jackson,3,Poplar Bluff,0
2019-09-24,Willard,3,Republic,7
2019-09-24,Dixon,15,Richland,13
2019-09-24,St. Joseph's Academy,3,Rockwood Summit,4
2019-09-24,Lebanon,2,Salem,12
2019-09-24,Schuyler County,14,Schuyler County,0
2019-09-24,Eldon,5,Savannah,12
2019-09-24,Hermann,2,St. Clair,17
2019-09-24,Newburg,0,Van-Far,15
2019-09-24,Union,15,St. James,2
2019-09-24,Savannah,23,St. Pius X (Kansas City),3
2019-09-24,Plattsburg,3,St. Teresa's Academy,6
2019-09-24,Central (St. Joseph),5,Staley,1
2019-09-24,Pattonsburg,0,Vienna,14
2019-09-24,Climax Springs,0,Westran,15
2019-09-24,Kelly,8,St. Clair,4
2019-09-24,Westminster Christian Academy,8,Ursuline Academy,3
2019-09-24,Montgomery County,3,Van-Far,6
2019-09-24,Bishop DuBourg,11,Veritas Christian Academy,12
2019-09-24,Laquey,0,Versailles,12
2019-09-24,Timberland,7,Washington,8
2019-09-24,Parkview,0,Waynesville,16
2019-09-24,Elsberry,20,Wellsville-Middletown,0
2019-09-24,DeKalb,15,West Platte,2
2019-09-24,Marceline,18,Westran,5
2019-09-24,Ruskin,1,William Chrisman,19
2019-09-24,Dora,22,Willow Springs,3
2019-09-24,Herculaneum,2,Windsor (Imperial),12
2019-09-24,Warrenton,10,Winfield,3
2019-09-24,Mark Twain,0,Wright City,14
2019-09-25,Northeast Nodaway,0,Albany,10
2019-09-25,Smithville,7,Blue Springs,4
2019-09-25,Webb City,9,Carl Junction,0
2019-09-25,Fredericktown,2,Central (Cape Girardeau),12
2019-09-25,Parkway South,0,Eureka,4
2019-09-25,Community,17,Glasgow,1
2019-09-25,North Callaway,0,Hallsville,7
2019-09-25,Bishop DuBourg,22,Hancock,19
2019-09-25,Ava,4,Hartville,2
2019-09-25,North County,8,Hillsboro,13
2019-09-25,Rosati-Kain,6,Incarnate Word Academy,1
2019-09-25,Blair Oaks,5,Jefferson City,1
2019-09-25,Ozark,5,Joplin,1
2019-09-25,Carthage,2,Kickapoo,3
2019-09-25,Richmond,7,Lafayette County,9
2019-09-25,Meadville,11,Linn County,17
2019-09-25,Hillcrest,0,Logan-Rogersville,7
2019-09-25,Canton,11,Mark Twain,0
2019-09-25,Webster Groves,1,Marquette,7
2019-09-25,Vienna,1,Maryville,0
2019-09-25,Ritenour,18,McCluer,0
2019-09-25,Affton,8,Mehlville,3
2019-09-25,Branson,3,Nixa,10
2019-09-25,Pattonsburg,6,North Andrew,5
2019-09-25,Marion County,1,North Shelby,9
2019-09-25,Festus,3,Notre Dame (Cape Girardeau),13
2019-09-25,Kirkwood,1,Oakville,12
2019-09-25,Ft. Zumwalt North,11,Parkway North,5
2019-09-25,Raytown South,0,Platte County,16
2019-09-25,St. James,4,Plattsburg,8
2019-09-25,Belton,13,Raytown,1
2019-09-25,Cor Jesu Academy,3,Rockwood Summit,9
2019-09-25,Windsor (Imperial),6,Seckman,7
2019-09-25,Nevada,1,Sherwood,7
2019-09-25,Macon,18,South Shelby,2
2019-09-25,St. Joseph's Academy,10,St. Clair,0
2019-09-25,St. Teresa's Academy,20,St. Michael the Archangel,1
2019-09-25,Notre Dame (St. Louis),11,St. Pius X (Festus),4
2019-09-25,Francis Howell Central,0,Troy Buchanan,6
2019-09-25,Warrenton,5,Washington,2
2019-09-26,McCluer North,5,Affton,15
2019-09-26,William Chrisman,6,Belton,9
2019-09-26,Blue Springs South,8,Blue Springs,3
2019-09-26,Aurora,0,Bolivar,8
2019-09-26,Versailles,6,Boonville,9
2019-09-26,Van-Far,5,Bowling Green,11
2019-09-26,Neosho,7,Branson,5
2019-09-26,Halfway,1,Buffalo,7
2019-09-26,Pilot Grove,0,California,14
2019-09-26,Rolla,12,Camdenton,2
2019-09-26,Lafayette (St. Joseph),4,Cameron,3
2019-09-26,Benton,4,Chillicothe,7
2019-09-26,Hazelwood East,9,Clayton,11
2019-09-26,Ursuline Academy,1,Cor Jesu Academy,9
2019-09-26,Norwood,24,Couch,0
2019-09-26,Newburg,0,Crocker,15
2019-09-26,Belle,11,Cuba,4
2019-09-26,Iberia,11,Dixon,0
2019-09-26,Salem,11,Dora,6
2019-09-26,Plattsburg,0,East Buchanan,10
2019-09-26,Centralia,3,Fatima,2
2019-09-26,Parkway Central,5,Fox,6
2019-09-26,Ft. Zumwalt West,15,Francis Howell,0
2019-09-26,Holt,16,Francis Howell North,0
2019-09-26,North County,15,Fredericktown,0
2019-09-26,Marshall,1,Fulton,16
2019-09-26,Kearney,17,Grandview,0
2019-09-26,Southern Boone,8,Hallsville,10
2019-09-26,Maplewood-Richmond Hts.,1,Hancock,12
2019-09-26,Oak Grove,14,Harrisonville,3
2019-09-26,Climax Springs,2,Hermitage,12
2019-09-26,Clark County,3,Highland,0
2019-09-26,Knob Noster,5,Holden,0
2019-09-26,Notre Dame (Cape Girardeau),10,Jackson,6
2019-09-26,Fayette,16,Jamestown,1
2019-09-26,Central (Cape Girardeau),5,Jefferson (Festus),9
2019-09-26,Moberly,3,Kirksville,7
2019-09-26,Westran,2,Knox County,15
2019-09-26,Green City,0,La Plata,8
2019-09-26,Lindbergh,7,Lafayette (Wildwood),12
2019-09-26,Carrollton,13,Lafayette County,2
2019-09-26,Hartville,17,Laquey,5
2019-09-26,Lathrop,1,Lawson,8
2019-09-26,Raymore-Peculiar,6,Lee's Summit,1
2019-09-26,Richmond,8,Lexington,3
2019-09-26,Central (St. Joseph),3,Liberty,13
2019-09-26,Ft. Zumwalt South,7,Liberty (Wentzville),8
2019-09-26,St. Charles,5,Liberty North,4
2019-09-26,Elsberry,5,Louisiana,10
2019-09-26,Westran,18,Macks Creek,0
2019-09-26,Community,6,Madison,1
2019-09-26,Scotland County,0,Marceline,11
2019-09-26,Wheatland,0,Marion C. Early,11
2019-09-26,Wellsville-Middletown,0,Mark Twain,12
2019-09-26,Soldan International Studies,5,Metro,20
2019-09-26,Helias Catholic,7,Mexico,4
2019-09-26,North Platte,3,Mid-Buchanan,6
2019-09-26,Trenton,18,Milan,0
2019-09-26,Brookfield,5,Monroe City,12
2019-09-26,North Callaway,6,Montgomery County,7
2019-09-26,McDonald County,9,Nevada,3
2019-09-26,Eugene,0,New Bloomfield,4
2019-09-26,Worth County,6,New Franklin,12
2019-09-26,St. James,2,New Haven,12
2019-09-26,Webb City,11,Nixa,0
2019-09-26,Harrisburg,1,North Shelby,0
2019-09-26,Schuyler County,21,Northeast (Cairo),2
2019-09-26,St. Michael the Archangel,1,Notre Dame de Sion,16
2019-09-26,Meadville,12,Novinger,5
2019-09-26,North Kansas City,0,Oak Park,14
2019-09-26,Excelsior Springs,3,Odessa,4
2019-09-26,St. Charles,6,Orchard Farm,4
2019-09-26,Vienna,3,Osage,6
2019-09-26,Hermann,0,Owensville,15
2019-09-26,Carl Junction,4,Ozark,14
2019-09-26,Macon,1,Palmyra,11
2019-09-26,Lee's Summit North,3,Park Hill,5
2019-09-26,Staley,6,Park Hill South,2
2019-09-26,Rockwood Summit,9,Parkway North,2
2019-09-26,Kirkwood,9,Parkway West,6
2019-09-26,Tri-County,0,Pattonsburg,10
2019-09-26,Northwest (Cedar Hill),13,Pattonville,1
2019-09-26,East Carter,4,Poplar Bluff,1
2019-09-26,St. Elizabeth,1,Putnam County,14
2019-09-26,Fort Osage,22,Raytown,1
2019-09-26,East Newton,1,Reeds Spring,5
2019-09-26,Joplin,2,Republic,12
2019-09-26,Hazelwood Central,3,Ritenour,18
2019-09-26,McCluer,9,Riverview Gardens,10
2019-09-26,Linn,3,Russellville,5
2019-09-26,Bishop LeBlond,0,Savannah,15
2019-09-26,Oakville,6,Seckman,3
2019-09-26,Monett,7,Seneca,1
2019-09-26,Mansfield,8,Smithville,3
2019-09-26,Clopton,4,Silex,12
2019-09-26,Higbee,21,Salem,17
2019-09-26,Capital City,2,Savannah,4
2019-09-26,Winnetonka,0,Smithville,16
2019-09-26,Slater,4,Van-Far,14
2019-09-26,Incarnate Word Academy,8,St. Joseph's Academy,4
2019-09-26,Maryville,14,St. Pius X (Kansas City),0
2019-09-26,Gallatin,1,Vienna,15
2019-09-26,Pacific,0,Webb City,10
2019-09-26,Sherwood,10,Summit Christian Academy,0
2019-09-26,St. Clair,0,Union,4
2019-09-26,Jennings,1,University City,15
2019-09-26,Bakersfield,3,Van Buren,13
2019-09-26,Pleasant Hill,0,Warrensburg,2
2019-09-26,Eldon,1,Warsaw,12
2019-09-26,Glendale,8,Waynesville,6
2019-09-26,Lebanon,2,West Plains,14
2019-09-26,Penney,12,West Platte,0
2019-09-26,Carthage,1,Willard,2
2019-09-26,DeSoto,2,Windsor (Imperial),8
2019-09-26,Polo,12,Winston,0
2019-09-26,North Harrison,6,Worth County,3
2019-09-27,Mansfield,19,Alton,7
2019-09-27,Linn County,1,Atlanta,16
2019-09-27,Valley Park,24,Bayless,3
2019-09-27,Knob Noster,12,Belton,2
2019-09-27,Warrensburg,6,Belton,2
2019-09-27,Sherwood,4,Blair Oaks,2
2019-09-27,Clayton,2,Brentwood,12
2019-09-27,Clinton,0,Centralia,17
2019-09-27,McDonald County,18,Centralia,5
2019-09-27,McDonald County,14,Clinton,0
2019-09-27,Waynesville,12,Dixon,9
2019-09-27,Linn,0,Fatima,10
2019-09-27,Harrisburg,3,Fayette,17
2019-09-27,Hillsboro,13,Fox,11
2019-09-27,St. Charles,0,Ft. Zumwalt North,6
2019-09-27,Timberland,8,Grain Valley,10
2019-09-27,Pleasant Hill,8,Grain Valley,5
2019-09-27,Liberty North,3,Grain Valley,4
2019-09-27,Raymore-Peculiar,4,Harrisonville,0
2019-09-27,Holden,3,Harrisonville,7
2019-09-27,Wright City,15,Hazelwood Central,1
2019-09-27,Leeton,15,Hermitage,0
2019-09-27,Raymore-Peculiar,17,Holden,0
2019-09-27,Wheatland,24,Humansville,7
2019-09-27,Marshall,8,Iberia,10
2019-09-27,Holt,1,Jefferson City,2
2019-09-27,Warrensburg,5,Knob Noster,3
2019-09-27,Sherwood,7,Lafayette County,0
2019-09-27,Blair Oaks,20,Lafayette County,0
2019-09-27,Capital City,9,Lebanon,6
2019-09-27,Webster Groves,9,Liberty,3
2019-09-27,Fort Osage,3,Liberty,14
2019-09-27,Marquette,18,Lindbergh,2
2019-09-27,Tuscumbia,9,Marshall,10
2019-09-27,Tuscumbia,0,Osage,11
2019-09-27,St. Charles,6,Ozark,8
2019-09-27,Platte County,2,Ozark,15
2019-09-27,Ladue Horton Watkins,3,Parkway Central,8
2019-09-27,Pattonville,3,Parkway West,18
2019-09-27,Northeast (Cairo),13,Pilot Grove,19
2019-09-27,St. Charles,5,Platte County,0
2019-09-27,Troy Buchanan,12,Platte County,2
2019-09-27,Liberty North,10,Pleasant Hill,9
2019-09-27,Kickapoo,24,Republic,7
2019-09-27,Winfield,9,Ritenour,8
2019-09-27,Lee's Summit,7,St. Teresa's Academy,5
2019-09-27,Weaubleau,0,Westran,8
2019-09-27,Liberty North,12,Timberland,3
2019-09-27,Troy Buchanan,3,St. Charles,2
2019-09-27,Ft. Zumwalt East,3,Union,2
2019-09-27,Westminster Christian Academy,3,Versailles,8
2019-09-27,Jamestown,6,Vienna,15
2019-09-27,Fort Osage,0,Webster Groves,6
2019-09-27,Couch,0,Willow Springs,15
2019-09-28,Pattonsburg,0,Albany,10
2019-09-28,Gainesville,0,Alton,11
2019-09-28,Van Buren,9,Alton,4
2019-09-28,Bevier,2,Atlanta,21
2019-09-28,Halfway,9,Aurora,3
2019-09-28,Norwood,7,Ava,0
2019-09-28,Hartville,4,Ava,5
2019-09-28,Alton,3,Ava,6
2019-09-28,Novinger,6,Bevier,21
2019-09-28,St. Elizabeth,1,Brookfield,4
2019-09-28,Warrenton,8,Calvary Lutheran,0
2019-09-28,Hannibal,11,Calvary Lutheran,2
2019-09-28,Incarnate Word Academy,2,Central (Cape Girardeau),3
2019-09-28,Notre Dame (Cape Girardeau),11,Central (Cape Girardeau),1
2019-09-28,Westminster Christian Academy,13,Dixon,3
2019-09-28,Sikeston,8,Doniphan,2
2019-09-28,Lutheran South,1,Doniphan,11
2019-09-28,Festus,18,Doniphan,4
2019-09-28,St. Clair,7,Doniphan,6
2019-09-28,Norwood,7,Dora,8
2019-09-28,Van Buren,5,Dora,7
2019-09-28,Hartville,3,Dora,4
2019-09-28,Marshfield,1,Eugene,15
2019-09-28,Parkway South,5,Farmington,6
2019-09-28,Windsor (Imperial),11,Farmington,0
2019-09-28,Central (Cape Girardeau),8,Farmington,9
2019-09-28,Kelly,8,Farmington,6
2019-09-28,Notre Dame (Cape Girardeau),10,Festus,4
2019-09-28,Incarnate Word Academy,7,Festus,5
2019-09-28,Naylor,1,Festus,11
2019-09-28,Winfield,9,Ft. Zumwalt North,8
2019-09-28,Ft. Zumwalt East,4,Ft. Zumwalt North,3
2019-09-28,Jackson,10,Ft. Zumwalt West,11
2019-09-28,Neelyville,5,Ft. Zumwalt West,9
2019-09-28,Kelly,1,Ft. Zumwalt West,12
2019-09-28,Notre Dame (Cape Girardeau),3,Ft. Zumwalt West,6
2019-09-28,Norwood,11,Gainesville,0
2019-09-28,Smithville,9,Gainesville,3
2019-09-28,St. Elizabeth,10,Gallatin,5
2019-09-28,Warrenton,3,Hannibal,1
2019-09-28,Smithville,1,Hartville,5
2019-09-28,Union,12,Hazelwood Central,1
2019-09-28,Ritenour,9,Hazelwood Central,3
2019-09-28,Rock Bridge,4,Holt,8
2019-09-28,Marshall,8,Iberia,10
2019-09-28,St. Clair,0,Jackson,11
2019-09-28,Sikeston,3,Jackson,6
2019-09-28,Windsor (Imperial),10,Jackson,9
2019-09-28,Lutheran South,0,Kelly,15
2019-09-28,Sikeston,3,Kelly,14
2019-09-28,Linn County,5,La Plata,7
2019-09-28,Novinger,13,Linn County,19
2019-09-28,Westminster Christian Academy,0,Marshall,15
2019-09-28,St. James,4,Maryville,10
2019-09-28,North Andrew,4,Maryville,3
2019-09-28,Orchard Farm,10,McCluer North,0
2019-09-28,Veritas Christian Academy,12,McCluer North,1
2019-09-28,Lutheran South,6,Naylor,8
2019-09-28,Windsor (Imperial),15,Naylor,3
2019-09-28,Lutheran South,3,Neelyville,4
2019-09-28,Incarnate Word Academy,16,Neelyville,0
2019-09-28,Halfway,3,Nixa,13
2019-09-28,Aurora,3,Nixa,13
2019-09-28,Northeast Nodaway,0,North Andrew,15
2019-09-28,Dixon,7,Odessa,11
2019-09-28,Versailles,8,Odessa,10
2019-09-28,Rosati-Kain,7,Orchard Farm,1
2019-09-28,Iberia,2,Osage,1
2019-09-28,Versailles,5,Osage,12
2019-09-28,Naylor,2,Parkway South,16
2019-09-28,Incarnate Word Academy,4,Parkway South,6
2019-09-28,St. Clair,0,Parkway South,16
2019-09-28,Veritas Christian Academy,2,Rosati-Kain,5
2019-09-28,New Bloomfield,3,Russellville,7
2019-09-28,Marshfield,6,Russellville,14
2019-09-28,Newburg,1,Salem,18
2019-09-28,Van Buren,6,Smithville,0
2019-09-28,Central (Cape Girardeau),5,Sikeston,2
2019-09-28,Marshfield,0,Southern Boone,12
2019-09-28,New Bloomfield,0,Southern Boone,14
2019-09-28,Ritenour,0,St. Charles,15
2019-09-28,Union,4,St. Charles,2
2019-09-28,St. James,2,St. Clair,3
2019-09-28,Salem,8,St. Clair,3
2019-09-28,Newburg,0,St. Clair,23
2019-09-28,Salem,17,St. James,0
2019-09-28,Newburg,1,St. James,7
2019-09-28,Brookfield,7,Trenton,6
2019-09-28,Gallatin,2,Trenton,15
2019-09-28,Neelyville,0,St. Clair,15
2019-09-28,La Plata,4,Westran,0
2019-09-28,Notre Dame (Cape Girardeau),5,Windsor (Imperial),4
2019-09-28,Wright City,9,Winfield,1
2019-09-28,Ft. Zumwalt East,0,Wright City,5
2019-09-30,Alton,18,Bakersfield,12
2019-09-30,Riverview Gardens,10,Bayless,19
2019-09-30,Ruskin,0,Belton,21
2019-09-30,Lee's Summit West,7,Blue Springs South,4
2019-09-30,Marshall,2,Boonville,12
2019-09-30,Marceline,12,Brookfield,3
2019-09-30,Waynesville,13,Camdenton,3
2019-09-30,Clark County,1,Canton,5
2019-09-30,Nevada,2,Carthage,6
2019-09-30,Buffalo,17,Cassville,6
2019-09-30,Park Hill South,11,Central (St. Joseph),5
2019-09-30,Neelyville,11,Chaffee,0
2019-09-30,Macks Creek,12,Climax Springs,1
2019-09-30,Mark Twain,1,Community,5
2019-09-30,Richland,9,Crocker,19
2019-09-30,Plattsburg,0,DeKalb,12
2019-09-30,St. Pius X (Festus),3,DeSoto,4
2019-09-30,Fredericktown,0,East Carter,15
2019-09-30,Linn,12,Eldon,1
2019-09-30,Francis Howell,8,Eureka,11
2019-09-30,Windsor (Imperial),5,Farmington,6
2019-09-30,Owensville,0,Fatima,9
2019-09-30,Perryville,9,Festus,1
2019-09-30,Marquette,17,Francis Howell North,7
2019-09-30,Ft. Zumwalt South,5,Ft. Zumwalt West,15
2019-09-30,Dora,11,Gainesville,0
2019-09-30,Lebanon,3,Glendale,2
2019-09-30,Atlanta,10,Green City,0
2019-09-30,Blair Oaks,11,Hallsville,0
2019-09-30,Rosati-Kain,12,Hancock,0
2019-09-30,University City,11,Hazelwood East,5
2019-09-30,Bishop DuBourg,5,Herculaneum,4
2019-09-30,Cuba,14,Hermann,1
2019-09-30,Palmyra,7,Highland,9
2019-09-30,Jefferson (Festus),5,Hillsboro,17
2019-09-30,Central (Springfield),28,Humansville,5
2019-09-30,Liberty (Wentzville),0,Jefferson City,4
2019-09-30,Smithville,0,Kearney,1
2019-09-30,Poplar Bluff,5,Kelly,2
2019-09-30,Mexico,2,Kirksville,0
2019-09-30,Clinton,0,Knob Noster,12
2019-09-30,Maryville,5,Lafayette (St. Joseph),3
2019-09-30,St. James,19,Laquey,9
2019-09-30,Gallatin,5,Lawson,8
2019-09-30,Liberty,7,Lee's Summit,3
2019-09-30,Monroe City,11,Louisiana,0
2019-09-30,Westran,3,Macon,8
2019-09-30,Norwood,15,Mansfield,5
2019-09-30,McCluer,2,Maplewood-Richmond Hts.,11
2019-09-30,Lamar,1,McDonald County,3
2019-09-30,Savannah,10,Mid-Buchanan,0
2019-09-30,Brashear,4,Milan,7
2019-09-30,Hannibal,8,Moberly,7
2019-09-30,Calvary Lutheran,5,Montgomery County,2
2019-09-30,Valley Park,7,Nerinx Hall,6
2019-09-30,Brentwood,13,Normandy Collaborative,2
2019-09-30,Fulton,15,North Callaway,8
2019-09-30,Albany,6,North Harrison,9
2019-09-30,Raytown,14,North Kansas City,8
2019-09-30,Lindbergh,7,Northwest (Cedar Hill),14
2019-09-30,Ursuline Academy,1,Notre Dame (St. Louis),5
2019-09-30,Fort Osage,8,Oak Grove,6
2019-09-30,Lafayette (Wildwood),4,Oakville,3
2019-09-30,Lutheran South,11,Pacific,3
2019-09-30,McCluer North,1,Pattonville,16
2019-09-30,Chillicothe,1,Penney,4
2019-09-30,Grain Valley,1,Platte County,2
2019-09-30,Blue Springs,4,Raymore-Peculiar,3
2019-09-30,Bolivar,4,Republic,8
2019-09-30,Hazelwood West,11,Ritenour,1
2019-09-30,Helias Catholic,0,Rock Bridge,3
2019-09-30,Kirkwood,13,Rockwood Summit,12
2019-09-30,Knox County,0,Schuyler County,10
2019-09-30,North Shelby,0,Schuyler County,7
2019-09-30,Mehlville,2,Seckman,14
2019-09-30,Monett,7,Seneca,1
2019-09-30,Ava,17,Smithville,4
2019-09-30,Holden,0,Sherwood,10
2019-09-30,Jackson,16,Sikeston,1
2019-09-30,Fayette,1,Slater,2
2019-09-30,Pilot Grove,0,Southern Boone,11
2019-09-30,Vienna,4,Van-Far,7
2019-09-30,Fox,2,St. Joseph's Academy,4
2019-09-30,Odessa,22,St. Pius X (Kansas City),4
2019-09-30,Liberty North,15,Staley,4
2019-09-30,Iberia,11,Westran,8
2019-09-30,Versailles,22,Tuscumbia,4
2019-09-30,Central (Cape Girardeau),22,St. Clair,8
2019-09-30,North County,10,Union,6
2019-09-30,Marshfield,14,Walnut Grove,3
2019-09-30,St. Clair,0,Warrenton,3
2019-09-30,Holt,14,Washington,2
2019-09-30,Kickapoo,7,West Plains,4
2019-09-30,Oak Park,17,William Chrisman,16
2019-09-30,Van Buren,10,Willow Springs,4
2019-09-30,St. Dominic,10,Winfield,9
2019-09-30,Raytown South,25,Winnetonka,3
2019-10-01,Gallatin,1,Albany,11
2019-10-01,Doniphan,14,Alton,6
2019-10-01,Seneca,6,Aurora,3
2019-10-01,Jefferson City,2,Battle,1
2019-10-01,Cameron,8,Benton,2
2019-10-01,Maryville,18,Bishop LeBlond,0
2019-10-01,California,1,Blair Oaks,9
2019-10-01,Lee's Summit North,6,Blue Springs,3
2019-10-01,Osage,0,Bolivar,7
2019-10-01,Rock Bridge,22,Boonville,0
2019-10-01,Carthage,16,Branson,1
2019-10-01,Hancock,15,Brentwood,4
2019-10-01,Palmyra,9,Brookfield,8
2019-10-01,Southern Boone,11,Capital City,1
2019-10-01,Notre Dame (Cape Girardeau),16,Central (Cape Girardeau),0
2019-10-01,West Plains,14,Central (Springfield),0
2019-10-01,St. Pius X (Kansas City),0,Chillicothe,12
2019-10-01,Humansville,11,Climax Springs,26
2019-10-01,Sherwood,14,Clinton,0
2019-10-01,Mark Twain,5,Clopton,3
2019-10-01,Hillsboro,5,Cor Jesu Academy,11
2019-10-01,Lathrop,2,East Buchanan,9
2019-10-01,Nevada,8,East Newton,3
2019-10-01,Wheatland,10,El Dorado Springs,25
2019-10-01,Veritas Christian Academy,3,Elsberry,5
2019-10-01,Oakville,6,Eureka,3
2019-10-01,Harrisonville,3,Excelsior Springs,13
2019-10-01,North Kansas City,0,Fort Osage,15
2019-10-01,Francis Howell North,4,Francis Howell,14
2019-10-01,Holt,11,Francis Howell Central,0
2019-10-01,Sikeston,13,Fredericktown,3
2019-10-01,Washington,1,Ft. Zumwalt East,4
2019-10-01,Timberland,8,Ft. Zumwalt South,10
2019-10-01,Troy Buchanan,6,Ft. Zumwalt West,3
2019-10-01,Kirksville,0,Fulton,7
2019-10-01,Hermitage,0,Halfway,16
2019-10-01,Marceline,19,Harrisburg,2
2019-10-01,Bakersfield,0,Hartville,10
2019-10-01,Webster Groves,14,Hazelwood West,3
2019-10-01,Webb City,16,Hermann,2
2019-10-01,Atlanta,15,Higbee,0
2019-10-01,Rolla,9,Hillcrest,0
2019-10-01,Leeton,2,Holden,6
2019-10-01,Laquey,0,Iberia,10
2019-10-01,Tuscumbia,4,Jamestown,6
2019-10-01,Cuba,6,Jefferson (Festus),16
2019-10-01,Carl Junction,4,Joplin,9
2019-10-01,Grain Valley,14,Kearney,4
2019-10-01,Farmington,11,Kelly,1
2019-10-01,Carrollton,0,Knob Noster,11
2019-10-01,South Shelby,7,Knox County,8
2019-10-01,Novinger,0,La Plata,15
2019-10-01,Rockwood Summit,9,Lafayette (Wildwood),9
2019-10-01,Ava,10,Lebanon,6
2019-10-01,St. Charles,4,Lee's Summit,1
2019-10-01,Raymore-Peculiar,5,Lee's Summit West,0
2019-10-01,Park Hill South,1,Liberty,3
2019-10-01,Ft. Zumwalt North,10,Liberty (Wentzville),6
2019-10-01,Central (St. Joseph),0,Liberty North,7
2019-10-01,Seckman,13,Lindbergh,2
2019-10-01,Affton,6,Lutheran South,2
2019-10-01,Highland,2,Macon,5
2019-10-01,Walnut Grove,6,Mansfield,7
2019-10-01,Madison,3,Marion County,5
2019-10-01,Parkway South,4,Marquette,6
2019-10-01,Lamar,11,Marshfield,10
2019-10-01,Vienna,4,Maysville,3
2019-10-01,Jennings,4,McCluer,14
2019-10-01,St. Charles,13,McCluer North,3
2019-10-01,Bevier,9,Meadville,13
2019-10-01,Parkway Central,9,Mehlville,2
2019-10-01,Penney,7,Mid-Buchanan,0
2019-10-01,Northeast (Cairo),2,Moberly,14
2019-10-01,Logan-Rogersville,10,Monett,5
2019-10-01,Centralia,12,Monroe City,5
2019-10-01,St. Clair,13,Naylor,3
2019-10-01,Notre Dame (St. Louis),17,Nerinx Hall,1
2019-10-01,University City,29,Normandy Collaborative,0
2019-10-01,Savannah,4,North Andrew,0
2019-10-01,Louisiana,4,North Callaway,8
2019-10-01,Mercer,0,North Harrison,13
2019-10-01,Plattsburg,7,North Platte,5
2019-10-01,Fox,4,Northwest (Cedar Hill),14
2019-10-01,Belton,9,Notre Dame de Sion,4
2019-10-01,Willard,8,Ozark,7
2019-10-01,New Haven,0,Pacific,14
2019-10-01,Staley,2,Park Hill,8
2019-10-01,Ladue Horton Watkins,10,Parkway North,9
2019-10-01,Kirkwood,11,Pattonville,12
2019-10-01,Oak Grove,2,Pleasant Hill,9
2019-10-01,William Chrisman,15,Raytown,13
2019-10-01,Smithville,19,Raytown South,0
2019-10-01,Cassville,2,Reeds Spring,12
2019-10-01,Nixa,8,Republic,5
2019-10-01,Macks Creek,5,Richland,4
2019-10-01,Lafayette County,7,Richmond,2
2019-10-01,Hazelwood East,17,Riverview Gardens,13
2019-10-01,Oak Park,21,Ruskin,0
2019-10-01,Dixon,3,Russellville,15
2019-10-01,Willow Springs,1,Salem,11
2019-10-01,Schuyler County,1,Scotland County,0
2019-10-01,Van-Far,4,Silex,11
2019-10-01,Camdenton,3,Savannah,5
2019-10-01,Eugene,10,Slater,0
2019-10-01,Helias Catholic,2,St. Joseph's Academy,3
2019-10-01,St. Clair,12,St. James,2
2019-10-01,Summit Christian Academy,20,St. Michael the Archangel,0
2019-10-01,Herculaneum,0,St. Pius X (Festus),10
2019-10-01,Hallsville,13,Worth County,0
2019-10-01,Owensville,0,Union,6
2019-10-01,Chaffee,3,Van Buren,9
2019-10-01,Eldon,14,Versailles,1
2019-10-01,Belle,1,Vienna,14
2019-10-01,Odessa,6,Warrensburg,11
2019-10-01,Buffalo,6,Weaubleau,8
2019-10-01,Neosho,1,Webb City,11
2019-10-01,Montgomery County,18,Wellsville-Middletown,4
2019-10-01,Lawson,10,West Platte,1
2019-10-01,Schuyler County,11,Westran,1
2019-10-01,Jackson,14,Windsor (Imperial),4
2019-10-01,Orchard Farm,9,Winfield,12
2019-10-01,Grandview,20,Winnetonka,3
2019-10-01,Princeton,9,Worth County,6
2019-10-01,Bowling Green,2,Wright City,6
2019-10-02,Nerinx Hall,1,Affton,11
2019-10-02,Mexico,1,Battle,9
2019-10-02,Lee's Summit,3,Blue Springs,22
2019-10-02,Kickapoo,14,Central (Springfield),0
2019-10-02,Sikeston,7,Chaffee,4
2019-10-02,Pattonville,18,Clayton,0
2019-10-02,Clopton,6,Community,5
2019-10-02,Jefferson (Festus),5,Farmington,6
2019-10-02,Festus,0,Fox,2
2019-10-02,Ft. Zumwalt West,9,Francis Howell Central,4
2019-10-02,St. Pius X (Festus),17,Fredericktown,1
2019-10-02,Valley Park,19,Hancock,7
2019-10-02,Hazelwood West,9,Hazelwood Central,3
2019-10-02,Palmyra,7,Highland,9
2019-10-02,Seckman,0,Hillsboro,7
2019-10-02,Francis Howell,3,Holt,13
2019-10-02,Grandview,2,Kearney,17
2019-10-02,St. Vincent,1,Kelly,11
2019-10-02,Ritenour,3,Kirkwood,13
2019-10-02,St. Michael the Archangel,0,Knob Noster,15
2019-10-02,Holden,11,Lexington,0
2019-10-02,Bayless,4,Maplewood-Richmond Hts.,19
2019-10-02,Winston,9,Mercer,10
2019-10-02,South Shelby,0,Monroe City,9
2019-10-02,Doniphan,0,Neelyville,4
2019-10-02,Lamar,0,Nevada,10
2019-10-02,Harrisburg,26,New Franklin,14
2019-10-02,St. Joseph's Academy,6,Notre Dame (St. Louis),1
2019-10-02,Grain Valley,10,Oak Park,1
2019-10-02,DeSoto,1,Oakville,11
2019-10-02,Veritas Christian Academy,3,Orchard Farm,6
2019-10-02,Walnut Grove,18,Parkview,2
2019-10-02,Parkway West,9,Parkway Central,6
2019-10-02,Parkway South,5,Parkway North,9
2019-10-02,Smithville,5,Pleasant Hill,2
2019-10-02,St. Teresa's Academy,0,Raymore-Peculiar,10
2019-10-02,Mehlville,0,Rockwood Summit,17
2019-10-02,Bishop DuBourg,0,Rosati-Kain,7
2019-10-02,Buffalo,5,Smithville,7
2019-10-02,Francis Howell North,2,St. Dominic,9
2019-10-02,Lebanon,4,Westran,0
2019-10-02,Liberty,3,St. Charles,2
2019-10-02,Incarnate Word Academy,12,Ursuline Academy,5
2019-10-02,Marshall,5,Warsaw,8
2019-10-02,Liberty (Wentzville),0,Washington,15
2019-10-02,Cor Jesu Academy,5,Webster Groves,6
2019-10-03,Alton,6,Ava,2
2019-10-03,St. James,6,Belle,13
2019-10-03,Oak Park,11,Belton,14
2019-10-03,Raymore-Peculiar,4,Blue Springs,3
2019-10-03,Wellsville-Middletown,0,Bowling Green,15
2019-10-03,Gateway Science Charter,4,Brentwood,19
2019-10-03,Schuyler County,2,Brookfield,1
2019-10-03,Boonville,1,California,4
2019-10-03,Russellville,1,Calvary Lutheran,5
2019-10-03,Sherwood,8,Cameron,0
2019-10-03,Branson,7,Carl Junction,0
2019-10-03,Ozark,2,Carthage,9
2019-10-03,Aurora,16,Cassville,10
2019-10-03,Macks Creek,16,Central (Springfield),2
2019-10-03,Clark County,9,Centralia,13
2019-10-03,Macon,13,Chillicothe,8
2019-10-03,Jennings,9,Clayton,21
2019-10-03,Summit Christian Academy,16,Clinton,1
2019-10-03,Van-Far,8,Crocker,3
2019-10-03,Dixon,11,Cuba,12
2019-10-03,Bakersfield,4,Dora,14
2019-10-03,Neelyville,2,East Carter,4
2019-10-03,Hermitage,0,El Dorado Springs,15
2019-10-03,Marquette,1,Eureka,5
2019-10-03,Warrensburg,7,Excelsior Springs,8
2019-10-03,Blair Oaks,3,Fatima,4
2019-10-03,Lutheran South,8,Festus,1
2019-10-03,Mehlville,8,Fox,9
2019-10-03,Ft. Zumwalt South,7,Ft. Zumwalt East,2
2019-10-03,Washington,4,Ft. Zumwalt North,7
2019-10-03,Smithville,16,Gainesville,0
2019-10-03,Raytown South,5,Grandview,18
2019-10-03,Eldon,3,Hallsville,7
2019-10-03,Fulton,3,Hannibal,5
2019-10-03,Knox County,23,Harrisburg,4
2019-10-03,Pleasant Hill,13,Harrisonville,0
2019-10-03,McCluer North,2,Hazelwood Central,14
2019-10-03,Jamestown,15,Higbee,0
2019-10-03,Osage,4,Iberia,3
2019-10-03,Hancock,0,Incarnate Word Academy,15
2019-10-03,Chaffee,1,Jackson,16
2019-10-03,Fredericktown,6,Jefferson (Festus),16
2019-10-03,Willard,12,Joplin,0
2019-10-03,Lexington,0,Knob Noster,10
2019-10-03,Affton,12,Ladue Horton Watkins,2
2019-10-03,Holden,8,Lafayette County,3
2019-10-03,Lee's Summit West,8,Lee's Summit North,2
2019-10-03,McDonald County,0,Logan-Rogersville,3
2019-10-03,Northeast (Cairo),10,Madison,5
2019-10-03,Glendale,18,Mansfield,3
2019-10-03,Fayette,8,Marceline,6
2019-10-03,Humansville,0,Marion C. Early,18
2019-10-03,Elsberry,3,Mark Twain,2
2019-10-03,Mexico,9,Moberly,7
2019-10-03,Canton,13,Monroe City,0
2019-10-03,Louisiana,4,Montgomery County,7
2019-10-03,Nixa,1,Neosho,3
2019-10-03,Marshfield,2,Nevada,5
2019-10-03,Slater,0,New Bloomfield,3
2019-10-03,Laquey,26,Newburg,13
2019-10-03,Winston,0,North Harrison,11
2019-10-03,South Shelby,0,North Shelby,1
2019-10-03,DeKalb,8,Northeast Nodaway,0
2019-10-03,Kirkwood,0,Northwest (Cedar Hill),10
2019-10-03,Westminster Christian Academy,3,Notre Dame (St. Louis),4
2019-10-03,Odessa,12,Oak Grove,7
2019-10-03,Lindbergh,6,Oakville,16
2019-10-03,Windsor (Imperial),2,Pacific,3
2019-10-03,Blue Springs South,9,Park Hill,2
2019-10-03,Liberty North,9,Park Hill South,4
2019-10-03,Lathrop,0,Penney,10
2019-10-03,DeSoto,8,Perryville,9
2019-10-03,New Franklin,11,Pilot Grove,16
2019-10-03,West Platte,2,Plattsburg,3
2019-10-03,Central (Cape Girardeau),2,Poplar Bluff,1
2019-10-03,Albany,0,Princeton,1
2019-10-03,Worth County,2,Putnam County,4
2019-10-03,Webb City,0,Reeds Spring,2
2019-10-03,Parkway North,15,Ritenour,5
2019-10-03,Lebanon,1,Rolla,11
2019-10-03,Raytown,17,Ruskin,0
2019-10-03,Owensville,6,Salem,12
2019-10-03,Scotland County,0,Schuyler County,10
2019-10-03,East Newton,1,Seneca,2
2019-10-03,Kelly,8,Sikeston,1
2019-10-03,North Callaway,13,Silex,7
2019-10-03,Winfield,1,St. Charles,11
2019-10-03,Union,1,St. Joseph's Academy,3
2019-10-03,Notre Dame de Sion,14,St. Pius X (Kansas City),8
2019-10-03,Herculaneum,12,St. Vincent,9
2019-10-03,Lee's Summit,0,Staley,3
2019-10-03,Glasgow,12,Worth County,13
2019-10-03,Vienna,4,Trenton,14
2019-10-03,Francis Howell North,4,Troy Buchanan,21
2019-10-03,Community,0,Van-Far,2
2019-10-03,Rosati-Kain,15,Veritas Christian Academy,0
2019-10-03,Southern Boone,4,Versailles,0
2019-10-03,Capital City,2,Vienna,13
2019-10-03,Orchard Farm,1,Warrenton,11
2019-10-03,Republic,1,Webb City,4
2019-10-03,Fort Osage,12,William Chrisman,1
2019-10-03,Norwood,18,Willow Springs,0
2019-10-03,Clopton,0,Wright City,11
2019-10-04,Branson,2,Aurora,1
2019-10-04,Willard,3,Aurora,1
2019-10-04,New Haven,8,Belle,18
2019-10-04,Ladue Horton Watkins,7,Bishop DuBourg,5
2019-10-04,Smithville,0,Blue Springs,8
2019-10-04,Park Hill South,3,Blue Springs,2
2019-10-04,Webb City,4,Blue Springs,8
2019-10-04,St. Teresa's Academy,4,Bolivar,12
2019-10-04,Republic,3,Bolivar,8
2019-10-04,Jefferson City,5,Bowling Green,7
2019-10-04,Nixa,3,Camdenton,1
2019-10-04,Willow Springs,4,Camdenton,8
2019-10-04,Branson,5,Carl Junction,4
2019-10-04,Willard,1,Carl Junction,9
2019-10-04,Logan-Rogersville,10,Cassville,4
2019-10-04,Kickapoo,14,Cassville,0
2019-10-04,Ft. Zumwalt South,1,Central (St. Joseph),8
2019-10-04,St. Clair,20,Couch,0
2019-10-04,Westran,14,Dixon,0
2019-10-04,Willow Springs,6,Eldon,15
2019-10-04,Nixa,4,Eldon,2
2019-10-04,Republic,1,Fatima,0
2019-10-04,Ritenour,0,Fox,11
2019-10-04,Savannah,3,Ft. Zumwalt South,9
2019-10-04,Webb City,11,Glendale,1
2019-10-04,Monett,11,Glendale,8
2019-10-04,Gainesville,3,Hartville,5
2019-10-04,Leeton,9,Hermitage,3
2019-10-04,Nixa,10,Hillcrest,1
2019-10-04,Eldon,2,Hillcrest,7
2019-10-04,Parkway South,4,Hillsboro,3
2019-10-04,Weaubleau,16,Humansville,3
2019-10-04,Ursuline Academy,2,Jefferson City,3
2019-10-04,Reeds Spring,3,Joplin,8
2019-10-04,Parkway Central,13,Joplin,3
2019-10-04,Smithville,0,Kearney,4
2019-10-04,Waynesville,2,Kickapoo,10
2019-10-04,Poplar Bluff,1,Kirksville,10
2019-10-04,Blair Oaks,6,Kirksville,1
2019-10-04,Reeds Spring,4,Lee's Summit North,5
2019-10-04,Liberty (Wentzville),0,Lee's Summit North,10
2019-10-04,Rock Bridge,4,Lee's Summit West,5
2019-10-04,St. Joseph's Academy,2,Lee's Summit West,3
2019-10-04,Webb City,6,Liberty,7
2019-10-04,Battle,6,Liberty,7
2019-10-04,Capital City,2,Linn,4
2019-10-04,Calvary Lutheran,4,Linn,9
2019-10-04,La Plata,12,Linn County,0
2019-10-04,Holt,5,Logan-Rogersville,4
2019-10-04,Wheatland,0,Macks Creek,16
2019-10-04,Bayless,4,Maplewood-Richmond Hts.,19
2019-10-04,Troy Buchanan,11,Marquette,1
2019-10-04,Winston,10,Mercer,9
2019-10-04,Gateway Science Charter,4,Metro,19
2019-10-04,Battle,3,Monett,2
2019-10-04,East Carter,0,Notre Dame (Cape Girardeau),10
2019-10-04,Atlanta,16,Novinger,0
2019-10-04,Kearney,2,Park Hill South,9
2019-10-04,Webb City,9,Park Hill South,5
2019-10-04,Liberty (Wentzville),7,Parkway Central,2
2019-10-04,St. Charles,9,Poplar Bluff,10
2019-10-04,Belton,22,Raytown South,7
2019-10-04,St. Teresa's Academy,3,Republic,13
2019-10-04,Liberty North,0,Rock Bridge,1
2019-10-04,Mehlville,0,Rockwood Summit,17
2019-10-04,Russellville,8,Salem,1
2019-10-04,Scotland County,0,Schuyler County,10
2019-10-04,Liberty North,2,St. Joseph's Academy,1
2019-10-04,Perryville,13,St. Pius X (Festus),0
2019-10-04,Ft. Zumwalt North,1,Timberland,7
2019-10-04,Blair Oaks,4,St. Charles,0
2019-10-04,Brentwood,2,Valley Park,15
2019-10-04,Neelyville,8,Van Buren,2
2019-10-04,Holt,11,Waynesville,0
2019-10-04,St. Teresa's Academy,5,West Plains,4
2019-10-04,Fatima,6,West Plains,2
2019-10-04,Parkway West,5,Westminster Christian Academy,8
2019-10-05,Brookfield,4,Atlanta,3
2019-10-05,Scotland County,1,Atlanta,7
2019-10-05,Carl Junction,12,Aurora,5
2019-10-05,Kearney,0,Blue Springs,7
2019-10-05,West Plains,5,Bolivar,11
2019-10-05,Fatima,2,Bolivar,0
2019-10-05,Lee's Summit West,5,Bowling Green,10
2019-10-05,Blair Oaks,16,Bowling Green,0
2019-10-05,Montgomery County,11,Brashear,2
2019-10-05,New Franklin,1,Brashear,5
2019-10-05,North Shelby,10,Brashear,11
2019-10-05,Warsaw,11,Buffalo,1
2019-10-05,Capital City,4,Calvary Lutheran,3
2019-10-05,Hillcrest,11,Camdenton,12
2019-10-05,Aurora,6,Camdenton,3
2019-10-05,Willow Springs,6,Carl Junction,7
2019-10-05,Holt,14,Cassville,3
2019-10-05,Waynesville,17,Cassville,10
2019-10-05,Rock Bridge,10,Central (St. Joseph),0
2019-10-05,Kirksville,2,Central (St. Joseph),3
2019-10-05,Mexico,4,Centralia,2
2019-10-05,Palmyra,6,Centralia,3
2019-10-05,Fayette,11,Crocker,13
2019-10-05,Pilot Grove,10,Crocker,7
2019-10-05,Tuscumbia,1,Dixon,17
2019-10-05,Halfway,11,Dixon,12
2019-10-05,Sherwood,15,El Dorado Springs,0
2019-10-05,Nixa,4,Eldon,2
2019-10-05,Van-Far,0,Eugene,8
2019-10-05,New Bloomfield,5,Eugene,8
2019-10-05,Notre Dame (St. Louis),0,Father Tolton,1
2019-10-05,Pilot Grove,2,Fayette,12
2019-10-05,Poplar Bluff,16,Ft. Zumwalt South,10
2019-10-05,Jefferson City,12,Ft. Zumwalt South,5
2019-10-05,Mark Twain,1,Fulton,11
2019-10-05,Eugene,8,Fulton,6
2019-10-05,Slater,4,Fulton,20
2019-10-05,Liberty,11,Glendale,1
2019-10-05,Battle,6,Glendale,3
2019-10-05,Excelsior Springs,22,Grandview,0
2019-10-05,Westran,12,Halfway,0
2019-10-05,Tuscumbia,4,Halfway,16
2019-10-05,Marshall,17,Hannibal,11
2019-10-05,Wheatland,13,Hermitage,1
2019-10-05,Humansville,9,Hermitage,21
2019-10-05,Willow Springs,8,Hillcrest,14
2019-10-05,Liberty North,5,Jefferson City,0
2019-10-05,Liberty (Wentzville),5,Joplin,7
2019-10-05,Lee's Summit North,12,Joplin,2
2019-10-05,Battle,13,Joplin,0
2019-10-05,Parkway Central,13,Joplin,3
2019-10-05,Logan-Rogersville,5,Kickapoo,6
2019-10-05,Holt,7,Kickapoo,1
2019-10-05,North Shelby,3,La Plata,7
2019-10-05,Montgomery County,1,La Plata,2
2019-10-05,Grandview,4,Lawson,20
2019-10-05,Parkway Central,0,Lee's Summit North,15
2019-10-05,Macks Creek,0,Leeton,5
2019-10-05,Weaubleau,3,Leeton,0
2019-10-05,Monett,2,Liberty,10
2019-10-05,Russellville,5,Linn,6
2019-10-05,Waynesville,1,Logan-Rogersville,16
2019-10-05,La Plata,9,Macon,4
2019-10-05,New Franklin,7,Macon,2
2019-10-05,Putnam County,0,Macon,1
2019-10-05,Trenton,5,Macon,6
2019-10-05,Mexico,11,Macon,1
2019-10-05,Northeast (Cairo),2,Marceline,13
2019-10-05,Van-Far,13,Mark Twain,1
2019-10-05,Silex,6,Mark Twain,0
2019-10-05,Hallsville,3,Mexico,9
2019-10-05,Webb City,7,Monett,6
2019-10-05,New Franklin,1,Montgomery County,7
2019-10-05,Silex,1,New Bloomfield,8
2019-10-05,Vienna,26,Newburg,1
2019-10-05,Laquey,19,Newburg,4
2019-10-05,Branson,4,Nixa,6
2019-10-05,Republic,5,Nixa,0
2019-10-05,Putnam County,11,North Callaway,9
2019-10-05,Trenton,16,North Callaway,1
2019-10-05,Hallsville,3,Palmyra,2
2019-10-05,Putnam County,0,Palmyra,1
2019-10-05,Smithville,4,Park Hill South,9
2019-10-05,Reeds Spring,6,Parkway Central,0
2019-10-05,Parkway North,4,Parkway West,5
2019-10-05,Liberty North,12,Poplar Bluff,0
2019-10-05,Liberty (Wentzville),1,Reeds Spring,2
2019-10-05,St. Teresa's Academy,3,Republic,15
2019-10-05,Vienna,16,Richland,1
2019-10-05,Laquey,7,Richland,15
2019-10-05,Newburg,0,Richland,15
2019-10-05,Timberland,6,Rolla,0
2019-10-05,Capital City,3,Russellville,4
2019-10-05,Calvary Lutheran,3,Russellville,17
2019-10-05,Capital City,5,Salem,6
2019-10-05,Calvary Lutheran,4,Salem,1
2019-10-05,Linn,3,Salem,13
2019-10-05,Knox County,5,Schuyler County,3
2019-10-05,Warsaw,4,Sherwood,0
2019-10-05,Wright City,5,Silex,2
2019-10-05,Ursuline Academy,10,Savannah,13
2019-10-05,St. Charles,5,Savannah,0
2019-10-05,Wright City,5,Slater,10
2019-10-05,New Bloomfield,6,Slater,5
2019-10-05,Wright City,11,Van-Far,0
2019-10-05,Ursuline Academy,3,St. Joseph's Academy,9
2019-10-05,Tuscumbia,0,Westran,2
2019-10-05,Battle,11,Webb City,5
2019-10-05,Hallsville,2,Trenton,3
2019-10-05,St. Joseph's Academy,0,St. Charles,10
2019-10-05,Laquey,0,Vienna,18
2019-10-05,Kearney,3,Webb City,18
2019-10-05,Smithville,7,Webb City,2
2019-10-05,St. Teresa's Academy,5,West Plains,4
2019-10-05,Republic,12,West Plains,5
2019-10-05,Branson,7,Willard,1
2019-10-05,Eldon,9,Willard,10
2019-10-07,St. James,0,Albany,16
2019-10-07,North Shelby,0,Atlanta,7
2019-10-07,Dixon,12,Belle,7
2019-10-07,Oak Park,11,Belton,14
2019-10-07,Park Hill,3,Blue Springs,5
2019-10-07,Raymore-Peculiar,0,Blue Springs South,8
2019-10-07,Warrenton,0,Bowling Green,1
2019-10-07,Putnam County,7,Brookfield,3
2019-10-07,Parkview,1,Camdenton,16
2019-10-07,Palmyra,2,Canton,1
2019-10-07,Salem,0,Carrollton,15
2019-10-07,Neosho,6,Carthage,2
2019-10-07,Lebanon,20,Central (Springfield),1
2019-10-07,Bishop LeBlond,0,Chillicothe,13
2019-10-07,Macon,16,Clark County,8
2019-10-07,Wellsville-Middletown,0,Community,15
2019-10-07,Northwest (Cedar Hill),10,Cor Jesu Academy,1
2019-10-07,Kelly,18,Doniphan,13
2019-10-07,Gallatin,0,East Buchanan,15
2019-10-07,Winfield,4,Elsberry,14
2019-10-07,Fatima,1,Eugene,7
2019-10-07,Seckman,6,Festus,2
2019-10-07,Ruskin,0,Fort Osage,17
2019-10-07,Lindbergh,11,Fox,9
2019-10-07,Lafayette (Wildwood),13,Francis Howell North,2
2019-10-07,Francis Howell Central,16,Ft. Zumwalt South,7
2019-10-07,Mansfield,8,Gainesville,6
2019-10-07,Kickapoo,9,Glendale,3
2019-10-07,New Franklin,0,Hallsville,10
2019-10-07,Polo,15,Hardin-Central,2
2019-10-07,University City,5,Hazelwood Central,15
2019-10-07,Parkway North,8,Hazelwood West,3
2019-10-07,Capital City,0,Helias Catholic,10
2019-10-07,Bayless,1,Herculaneum,11
2019-10-07,Wright City,16,Hermann,0
2019-10-07,West Plains,1,Hillcrest,2
2019-10-07,El Dorado Springs,21,Humansville,0
2019-10-07,Tuscumbia,0,Iberia,14
2019-10-07,California,16,Jamestown,6
2019-10-07,Savannah,1,Jefferson City,11
2019-10-07,Platte County,0,Kearney,7
2019-10-07,Nerinx Hall,4,Kirkwood,14
2019-10-07,St. Michael the Archangel,0,Lafayette County,15
2019-10-07,Monett,6,Lamar,1
2019-10-07,Central (St. Joseph),2,Lee's Summit,11
2019-10-07,Liberty,4,Liberty North,5
2019-10-07,Webb City,11,Lutheran South,0
2019-10-07,Trenton,5,Marceline,15
2019-10-07,Hartville,13,Marion C. Early,9
2019-10-07,Francis Howell,5,Marquette,10
2019-10-07,Buffalo,19,Marshfield,13
2019-10-07,North Platte,2,Maryville,3
2019-10-07,Lawson,0,Mid-Buchanan,6
2019-10-07,Pattonsburg,7,Milan,4
2019-10-07,Fulton,13,Moberly,4
2019-10-07,Highland,3,Monroe City,5
2019-10-07,Calvary Lutheran,7,New Haven,0
2019-10-07,Cassville,4,Nixa,14
2019-10-07,Vienna,6,North Harrison,4
2019-10-07,William Chrisman,15,North Kansas City,6
2019-10-07,Worth County,9,Northeast Nodaway,1
2019-10-07,Poplar Bluff,7,Notre Dame (Cape Girardeau),20
2019-10-07,Scotland County,28,Novinger,0
2019-10-07,Clinton,0,Odessa,21
2019-10-07,Ft. Zumwalt East,12,Orchard Farm,5
2019-10-07,Richland,2,Osage,12
2019-10-07,Cuba,3,Owensville,15
2019-10-07,Ritenour,1,Parkway Central,8
2019-10-07,Lathrop,0,Penney,10
2019-10-07,Nevada,14,Pleasant Hill,4
2019-10-07,Grain Valley,16,Raytown South,3
2019-10-07,Cameron,4,Richmond,6
2019-10-07,Waynesville,0,Rolla,10
2019-10-07,Father Tolton,1,Schuyler County,7
2019-10-07,North County,8,Sikeston,2
2019-10-07,Grandview,0,Smithville,17
2019-10-07,Russellville,4,Slater,3
2019-10-07,Louisiana,9,South Shelby,8
2019-10-07,Veritas Christian Academy,6,St. Charles,16
2019-10-07,Salem,12,St. Clair,0
2019-10-07,Newburg,3,St. James,15
2019-10-07,Hancock,2,St. Pius X (Festus),10
2019-10-07,Benton,23,St. Pius X (Kansas City),3
2019-10-07,Perryville,11,St. Vincent,0
2019-10-07,Laquey,0,Westran,17
2019-10-07,Oak Grove,5,Summit Christian Academy,6
2019-10-07,Staley,5,St. Charles,8
2019-10-07,Ladue Horton Watkins,7,Valley Park,12
2019-10-07,Alton,7,Van Buren,5
2019-10-07,Marion County,3,Van-Far,9
2019-10-07,Pacific,5,Washington,3
2019-10-07,Macks Creek,0,Weaubleau,6
2019-10-07,Parkway West,1,Webster Groves,3
2019-10-07,Clayton,0,Westminster Christian Academy,16
2019-10-07,Climax Springs,3,Wheatland,13
2019-10-07,Bolivar,3,Willard,1
2019-10-07,Ava,17,Willow Springs,9
2019-10-07,Hillsboro,2,Windsor (Imperial),1
2019-10-07,Notre Dame de Sion,16,Winnetonka,0
2019-10-08,Gainesville,16,Alton,4
2019-10-08,Mansfield,0,Ava,15
2019-10-08,Norwood,10,Bakersfield,0
2019-10-08,Fort Osage,17,Belton,11
2019-10-08,Lafayette (St. Joseph),7,Benton,3
2019-10-08,Lee's Summit West,1,Blue Springs,3
2019-10-08,Osage,1,California,8
2019-10-08,Webb City,3,Carthage,0
2019-10-08,Neelyville,4,Central (Cape Girardeau),11
2019-10-08,Smithville,11,Central (Springfield),9
2019-10-08,St. Charles,8,Central (St. Joseph),2
2019-10-08,Farmington,19,Chaffee,3
2019-10-08,St. Charles,17,Clayton,1
2019-10-08,Laquey,25,Climax Springs,1
2019-10-08,Buffalo,22,Clinton,2
2019-10-08,Bowling Green,9,Clopton,0
2019-10-08,St. Joseph's Academy,5,Cor Jesu Academy,6
2019-10-08,Dixon,5,Crocker,12
2019-10-08,Jefferson (Festus),12,DeSoto,8
2019-10-08,Hartville,0,Dora,6
2019-10-08,Sikeston,0,East Carter,9
2019-10-08,Russellville,3,Eldon,2
2019-10-08,Montgomery County,9,Elsberry,8
2019-10-08,Calvary Lutheran,1,Eugene,14
2019-10-08,Francis Howell North,0,Francis Howell Central,15
2019-10-08,Veritas Christian Academy,0,Ft. Zumwalt East,2
2019-10-08,Boonville,1,Fulton,10
2019-10-08,Norborne,17,Glasgow,4
2019-10-08,Rolla,8,Glendale,9
2019-10-08,Smithville,4,Grain Valley,2
2019-10-08,Macks Creek,2,Halfway,5
2019-10-08,Centralia,8,Hallsville,7
2019-10-08,Kirksville,10,Hannibal,2
2019-10-08,Mehlville,0,Hazelwood West,14
2019-10-08,St. Teresa's Academy,2,Helias Catholic,4
2019-10-08,Westran,21,Hermitage,0
2019-10-08,Herculaneum,0,Hillsboro,14
2019-10-08,Richmond,5,Holden,4
2019-10-08,Ft. Zumwalt West,3,Holt,11
2019-10-08,Capital City,1,Iberia,2
2019-10-08,Nerinx Hall,5,Incarnate Word Academy,10
2019-10-08,New Franklin,16,Jamestown,9
2019-10-08,Riverview Gardens,18,Jennings,15
2019-10-08,Winnetonka,0,Kearney,15
2019-10-08,Fox,3,Kirkwood,8
2019-10-08,Marquette,4,Lafayette (Wildwood),5
2019-10-08,Knob Noster,7,Lafayette County,2
2019-10-08,East Newton,5,Lamar,11
2019-10-08,Plattsburg,4,Lathrop,9
2019-10-08,North Platte,5,Lawson,9
2019-10-08,Bolivar,15,Lebanon,0
2019-10-08,Blue Springs South,5,Lee's Summit North,6
2019-10-08,Carrollton,12,Lexington,1
2019-10-08,Staley,13,Liberty,17
2019-10-08,Timberland,15,Liberty (Wentzville),9
2019-10-08,Eureka,15,Lindbergh,2
2019-10-08,Milan,2,Linn County,12
2019-10-08,Marshfield,0,Logan-Rogersville,10
2019-10-08,Community,3,Louisiana,4
2019-10-08,Bevier,4,Madison,14
2019-10-08,Knox County,2,Marceline,12
2019-10-08,Savannah,5,Maryville,3
2019-10-08,Albany,4,Maysville,5
2019-10-08,Normandy Collaborative,3,McCluer,15
2019-10-08,Monett,1,McDonald County,5
2019-10-08,Tri-County,6,Mercer,14
2019-10-08,West Platte,3,Mid-Buchanan,8
2019-10-08,Moberly,3,Monroe City,10
2019-10-08,Doniphan,7,Naylor,8
2019-10-08,Joplin,3,Neosho,13
2019-10-08,Aurora,1,Nevada,11
2019-10-08,Tuscumbia,31,Newburg,13
2019-10-08,Carl Junction,7,Nixa,15
2019-10-08,St. James,19,North Andrew,9
2019-10-08,Mark Twain,1,North Callaway,11
2019-10-08,Jackson,6,North County,4
2019-10-08,DeKalb,8,Northeast Nodaway,0
2019-10-08,Excelsior Springs,8,Oak Grove,12
2019-10-08,Raytown,6,Oak Park,16
2019-10-08,Pleasant Hill,5,Odessa,0
2019-10-08,McCluer North,0,Orchard Farm,15
2019-10-08,Republic,1,Ozark,8
2019-10-08,Affton,3,Pacific,5
2019-10-08,Raymore-Peculiar,0,Park Hill,1
2019-10-08,Lee's Summit,10,Park Hill South,13
2019-10-08,Kickapoo,18,Parkview,0
2019-10-08,East Buchanan,0,Penney,8
2019-10-08,Leeton,9,Pilot Grove,4
2019-10-08,Grandview,0,Platte County,15
2019-10-08,Kelly,3,Poplar Bluff,2
2019-10-08,Pattonsburg,0,Princeton,10
2019-10-08,Cuba,7,Richland,17
2019-10-08,Oakville,10,Rockwood Summit,11
2019-10-08,North Kansas City,23,Ruskin,0
2019-10-08,Fayette,0,Schuyler County,8
2019-10-08,Westran,3,Schuyler County,7
2019-10-08,Parkway South,5,Seckman,7
2019-10-08,Reeds Spring,2,Seneca,1
2019-10-08,Northeast (Cairo),14,Salem,1
2019-10-08,Highland,11,South Shelby,0
2019-10-08,Blair Oaks,4,Southern Boone,3
2019-10-08,Notre Dame (St. Louis),5,St. Dominic,7
2019-10-08,Father Tolton,3,St. Joseph's Academy,1
2019-10-08,Bayless,3,St. Pius X (Festus),18
2019-10-08,Hardin-Central,20,St. Pius X (Kansas City),6
2019-10-08,Festus,13,St. Vincent,3
2019-10-08,Washington,0,Webb City,10
2019-10-08,Brookfield,2,Trenton,12
2019-10-08,Parkway West,3,Ursuline Academy,5
2019-10-08,Ritenour,10,Valley Park,5
2019-10-08,St. Clair,11,Van Buren,8
2019-10-08,Wright City,10,Van-Far,1
2019-10-08,Weaubleau,7,Walnut Grove,9
2019-10-08,Harrisonville,9,Warrensburg,13
2019-10-08,Union,5,Warrenton,0
2019-10-08,Willow Springs,11,Waynesville,21
2019-10-08,Pattonville,0,Webster Groves,8
2019-10-08,Silex,32,Wellsville-Middletown,3
2019-10-08,Branson,4,Willard,7
2019-10-09,Hancock,1,Affton,16
2019-10-09,Walnut Grove,5,Ava,15
2019-10-09,Gateway Science Charter,2,Bayless,17
2019-10-09,Herculaneum,7,Brentwood,10
2019-10-09,Staley,11,Central (St. Joseph),5
2019-10-09,Fredericktown,10,Chaffee,11
2019-10-09,Putnam County,8,Clark County,12
2019-10-09,Mid-Buchanan,2,East Buchanan,9
2019-10-09,Cassville,5,East Newton,4
2019-10-09,Notre Dame de Sion,2,Excelsior Springs,16
2019-10-09,Sikeston,0,Farmington,10
2019-10-09,Ft. Zumwalt South,2,Francis Howell North,1
2019-10-09,Orchard Farm,8,Ft. Zumwalt North,4
2019-10-09,Mexico,7,Hannibal,1
2019-10-09,Worth County,2,Harrisburg,12
2019-10-09,Knox County,2,Highland,4
2019-10-09,Festus,11,Jefferson (Festus),4
2019-10-09,Southern Boone,6,Jefferson City,1
2019-10-09,El Dorado Springs,0,Joplin,7
2019-10-09,Rolla,9,Kickapoo,19
2019-10-09,Seckman,6,Kirkwood,0
2019-10-09,Meadville,0,La Plata,13
2019-10-09,Savannah,7,Lafayette (St. Joseph),0
2019-10-09,Hillsboro,2,Lafayette (Wildwood),3
2019-10-09,Logan-Rogersville,6,Lamar,1
2019-10-09,Hazelwood West,6,Liberty (Wentzville),7
2019-10-09,St. Joseph's Academy,4,Lindbergh,3
2019-10-09,Humansville,3,Macks Creek,18
2019-10-09,Schuyler County,3,Macon,12
2019-10-09,Van-Far,8,Mark Twain,6
2019-10-09,Hazelwood East,21,McCluer North,22
2019-10-09,Oakville,20,Mehlville,3
2019-10-09,North Harrison,13,Mercer,3
2019-10-09,Poplar Bluff,9,Neelyville,5
2019-10-09,Carl Junction,1,Nevada,11
2019-10-09,Valley Park,2,New Haven,10
2019-10-09,Scotland County,16,North Shelby,2
2019-10-09,Perryville,9,Notre Dame (Cape Girardeau),6
2019-10-09,Slater,4,Owensville,5
2019-10-09,Hillcrest,2,Ozark,11
2019-10-09,DeSoto,1,Parkway South,2
2019-10-09,Kearney,21,Raytown South,4
2019-10-09,Knob Noster,15,Richmond,3
2019-10-09,Savannah,0,Rock Bridge,10
2019-10-09,Warrensburg,1,Sherwood,3
2019-10-09,Westminster Christian Academy,3,St. Dominic,17
2019-10-09,Battle,0,Warrenton,1
2019-10-09,Francis Howell,4,Washington,5
2019-10-09,North Andrew,3,West Platte,10
2019-10-09,Moberly,7,Westran,3
2019-10-10,Hallsville,1,California,2
2019-10-10,Chaffee,5,Central (Cape Girardeau),11
2019-10-10,Staley,11,Central (St. Joseph),5
2019-10-10,Van-Far,6,Clopton,4
2019-10-10,Marion County,3,Community,14
2019-10-10,Gainesville,2,Dora,13
2019-10-10,Boonville,16,Eldon,8
2019-10-10,Windsor (Imperial),5,Festus,0
2019-10-10,Oak Park,2,Fort Osage,12
2019-10-10,Hazelwood West,10,Fox,21
2019-10-10,Ft. Zumwalt West,18,Francis Howell North,1
2019-10-10,Mexico,6,Fulton,7
2019-10-10,Metro,0,Hancock,18
2019-10-10,McCluer,11,Hazelwood East,16
2019-10-10,Notre Dame (Cape Girardeau),17,Kelly,0
2019-10-10,Battle,1,Kirksville,0
2019-10-10,Ritenour,8,Ladue Horton Watkins,4
2019-10-10,Logan-Rogersville,6,Lamar,1
2019-10-10,West Platte,3,Lathrop,7
2019-10-10,Liberty North,6,Lee's Summit,5
2019-10-10,Humansville,3,Macks Creek,18
2019-10-10,Moberly,4,Marshall,1
2019-10-10,DeKalb,3,Maryville,10
2019-10-10,Couch,0,Neelyville,15
2019-10-10,Bowling Green,13,North Callaway,0
2019-10-10,Penney,14,North Platte,0
2019-10-10,Warrensburg,3,Oak Grove,8
2019-10-10,Centralia,0,Palmyra,5
2019-10-10,Farmington,1,Perryville,3
2019-10-10,Lawson,14,Plattsburg,2
2019-10-10,Excelsior Springs,7,Pleasant Hill,2
2019-10-10,Knob Noster,15,Richmond,3
2019-10-10,Doniphan,10,Sikeston,12
2019-10-10,Crocker,13,St. James,1
2019-10-10,Bayless,3,St. Pius X (Festus),18
2019-10-10,Naylor,6,St. Clair,4
2019-10-10,Kickapoo,1,Webb City,9
2019-10-10,Norwood,0,West Plains,9
2019-10-11,Pacific,21,Belle,2
2019-10-11,Owensville,7,Buffalo,8
2019-10-11,Worth County,1,Calvary Lutheran,5
2019-10-11,Jackson,12,Fox,10
2019-10-11,Ft. Zumwalt East,13,Ft. Zumwalt North,0
2019-10-11,Central (Springfield),3,Glendale,15
2019-10-11,Mansfield,1,Hartville,9
2019-10-11,Lebanon,10,Hillcrest,5
2019-10-11,St. Dominic,3,Holt,13
2019-10-11,Sherwood,12,Leeton,4
2019-10-11,Pacific,4,Linn,8
2019-10-11,Summit Christian Academy,11,Notre Dame de Sion,1
2019-10-11,Rolla,12,Owensville,5
2019-10-11,Cor Jesu Academy,4,Owensville,3
2019-10-11,Helias Catholic,13,Pacific,0
2019-10-11,Summit Christian Academy,6,Raytown,3
2019-10-11,Notre Dame de Sion,11,Raytown,5
2019-10-11,Grandview,13,Raytown South,5
2019-10-11,Fatima,7,Slater,2
2019-10-11,Notre Dame (Cape Girardeau),12,St. Joseph's Academy,8
2019-10-11,Francis Howell Central,10,Timberland,0
2019-10-11,Smithville,1,Walnut Grove,11
2019-10-11,Francis Howell,4,Washington,5
2019-10-12,Helias Catholic,16,Belle,1
2019-10-12,Linn,6,Belle,1
2019-10-12,Pacific,21,Belle,2
2019-10-12,St. Teresa's Academy,4,Benton,6
2019-10-12,Richmond,2,Benton,7
2019-10-12,Kearney,15,Boonville,6
2019-10-12,Carthage,4,Boonville,9
2019-10-12,Rolla,7,Buffalo,5
2019-10-12,Owensville,7,Buffalo,8
2019-10-12,Cor Jesu Academy,14,Buffalo,3
2019-10-12,Kearney,11,Carthage,4
2019-10-12,Westran,1,Carthage,3
2019-10-12,Savannah,3,Central (St. Joseph),0
2019-10-12,Maysville,7,Central (St. Joseph),1
2019-10-12,St. Teresa's Academy,0,Central (St. Joseph),16
2019-10-12,Maryville,2,Central (St. Joseph),14
2019-10-12,Battle,8,Centralia,11
2019-10-12,Naylor,7,Chaffee,6
2019-10-12,Neelyville,7,Chaffee,0
2019-10-12,Chaffee,16,Doniphan,4
2019-10-12,Willow Springs,5,Doniphan,14
2019-10-12,Naylor,3,Doniphan,10
2019-10-12,St. Teresa's Academy,8,East Buchanan,3
2019-10-12,Benton,11,East Buchanan,6
2019-10-12,Lafayette (St. Joseph),2,East Buchanan,9
2019-10-12,Maryville,5,East Buchanan,12
2019-10-12,Summit Christian Academy,13,Grandview,6
2019-10-12,Odessa,24,Harrisonville,7
2019-10-12,Westran,1,Jefferson City,1
2019-10-12,McDonald County,6,Jefferson City,0
2019-10-12,Oak Park,0,Jefferson City,15
2019-10-12,Battle,1,Kirksville,0
2019-10-12,Maysville,12,Lafayette (St. Joseph),1
2019-10-12,Richmond,14,Lafayette (St. Joseph),3
2019-10-12,Maryville,5,Lafayette (St. Joseph),11
2019-10-12,Mid-Buchanan,6,Lafayette County,4
2019-10-12,Penney,6,Lafayette County,3
2019-10-12,Lathrop,7,Lafayette County,1
2019-10-12,Sherwood,5,Lathrop,0
2019-10-12,Penney,10,Lathrop,3
2019-10-12,Helias Catholic,8,Linn,0
2019-10-12,Pacific,4,Linn,8
2019-10-12,Savannah,12,Maryville,6
2019-10-12,Richmond,9,Maysville,5
2019-10-12,St. Teresa's Academy,0,Maysville,9
2019-10-12,Oak Park,2,McDonald County,20
2019-10-12,Sherwood,12,Mid-Buchanan,0
2019-10-12,Van Buren,6,Naylor,9
2019-10-12,Willow Springs,0,Neelyville,12
2019-10-12,Van Buren,4,Neelyville,6
2019-10-12,Sherwood,7,Oak Grove,1
2019-10-12,Mid-Buchanan,1,Oak Grove,12
2019-10-12,Penney,4,Oak Grove,1
2019-10-12,Lathrop,8,Oak Grove,2
2019-10-12,Rolla,12,Owensville,5
2019-10-12,Cor Jesu Academy,4,Owensville,3
2019-10-12,Helias Catholic,13,Pacific,0
2019-10-12,Sherwood,1,Penney,2
2019-10-12,Raytown South,7,Raytown,8
2019-10-12,Parkway West,0,Rock Bridge,12
2019-10-12,Webb City,0,Rock Bridge,10
2019-10-12,Cor Jesu Academy,2,Rolla,7
2019-10-12,Benton,0,Savannah,9
2019-10-12,Richmond,2,Savannah,1
2019-10-12,Willow Springs,2,Van Buren,8
2019-10-12,Webster Groves,19,Waynesville,2
2019-10-12,Father Tolton,10,Waynesville,3
2019-10-12,Willard,10,Waynesville,0
2019-10-12,Willard,4,Webster Groves,3
2019-10-12,Father Tolton,4,Webster Groves,0
2019-10-12,Father Tolton,5,Willard,0
2019-10-14,East Buchanan,14,Albany,7
2019-10-14,Eldon,2,Battle,12
2019-10-14,St. Pius X (Festus),10,Bishop DuBourg,2
2019-10-14,Boonville,0,Blair Oaks,14
2019-10-14,Branson,0,Bolivar,8
2019-10-14,El Dorado Springs,6,Buffalo,9
2019-10-14,Penney,10,Cameron,0
2019-10-14,Glendale,7,Carl Junction,5
2019-10-14,Richmond,1,Carrollton,2
2019-10-14,Perryville,12,Chaffee,1
2019-10-14,Riverview Gardens,7,Clayton,10
2019-10-14,Van-Far,6,Clopton,4
2019-10-14,Knox County,14,Community,10
2019-10-14,Van Buren,24,Couch,5
2019-10-14,Newburg,1,Cuba,17
2019-10-14,Farmington,16,DeSoto,2
2019-10-14,Camdenton,6,Dixon,16
2019-10-14,Naylor,3,Doniphan,10
2019-10-14,Van-Far,3,Fatima,6
2019-10-14,Madison,0,Fayette,15
2019-10-14,Wright City,0,Francis Howell,1
2019-10-14,Warrenton,3,Francis Howell Central,9
2019-10-14,Winfield,0,Ft. Zumwalt South,13
2019-10-14,Mexico,6,Fulton,7
2019-10-14,Ava,10,Gainesville,3
2019-10-14,Park Hill South,9,Grain Valley,7
2019-10-14,Belton,19,Grandview,3
2019-10-14,Mercer,1,Green City,8
2019-10-14,El Dorado Springs,0,Halfway,8
2019-10-14,Mansfield,1,Hartville,9
2019-10-14,St. Charles,17,Hazelwood Central,1
2019-10-14,McCluer,11,Hazelwood East,15
2019-10-14,McDonald County,11,Hillcrest,3
2019-10-14,Clinton,0,Holden,15
2019-10-14,Kelly,0,Jackson,6
2019-10-14,Cassville,5,Joplin,6
2019-10-14,Savannah,0,Knob Noster,8
2019-10-14,Ritenour,8,Ladue Horton Watkins,4
2019-10-14,Carthage,3,Lamar,2
2019-10-14,West Platte,3,Lathrop,7
2019-10-14,Liberty North,6,Lee's Summit,5
2019-10-14,Staley,4,Lee's Summit North,5
2019-10-14,Lafayette County,15,Lexington,0
2019-10-14,Francis Howell North,7,Liberty (Wentzville),13
2019-10-14,Kirkwood,21,Lindbergh,15
2019-10-14,New Haven,0,Linn,13
2019-10-14,Republic,6,Logan-Rogersville,5
2019-10-14,Mark Twain,1,Louisiana,11
2019-10-14,Webster Groves,10,Lutheran South,0
2019-10-14,Walnut Grove,7,Macks Creek,0
2019-10-14,Parkview,4,Marion C. Early,15
2019-10-14,Moberly,4,Marshall,1
2019-10-14,Nerinx Hall,1,Mehlville,16
2019-10-14,Nevada,7,Monett,3
2019-10-14,Schuyler County,2,Monroe City,3
2019-10-14,Dora,1,Neelyville,3
2019-10-14,La Plata,8,New Franklin,0
2019-10-14,Reeds Spring,2,Nixa,0
2019-10-14,DeKalb,0,North Andrew,3
2019-10-14,Northeast Nodaway,0,North Platte,11
2019-10-14,Novinger,2,North Shelby,14
2019-10-14,South Shelby,3,Northeast (Cairo),7
2019-10-14,Lafayette (Wildwood),3,Northwest (Cedar Hill),4
2019-10-14,Alton,0,Norwood,11
2019-10-14,Warrensburg,2,Odessa,13
2019-10-14,Southern Boone,8,Osage,2
2019-10-14,Eureka,11,Pacific,1
2019-10-14,Hannibal,15,Palmyra,2
2019-10-14,Centralia,0,Palmyra,5
2019-10-14,Cor Jesu Academy,6,Parkway South,7
2019-10-14,Winston,2,Pattonsburg,12
2019-10-14,Lawson,14,Plattsburg,2
2019-10-14,Excelsior Springs,7,Pleasant Hill,2
2019-10-14,North Harrison,2,Putnam County,8
2019-10-14,Park Hill,1,Raymore-Peculiar,2
2019-10-14,Raytown,8,Raytown South,7
2019-10-14,Webb City,3,Rock Bridge,14
2019-10-14,Pattonville,10,Rockwood Summit,3
2019-10-14,Eugene,6,Russellville,1
2019-10-14,Scotland County,3,Schuyler County,10
2019-10-14,Neosho,4,Seneca,5
2019-10-14,Pilot Grove,19,Salem,0
2019-10-14,Platte County,0,Smithville,1
2019-10-14,Fredericktown,0,St. Clair,6
2019-10-14,St. Joseph's Academy,18,St. Dominic,1
2019-10-14,New Bloomfield,5,Van-Far,0
2019-10-14,Crocker,13,St. James,1
2019-10-14,Richland,1,Westran,18
2019-10-14,St. Michael the Archangel,0,Summit Christian Academy,15
2019-10-14,Holt,11,Timberland,1
2019-10-14,Chillicothe,3,Trenton,8
2019-10-14,Jefferson City,3,Troy Buchanan,4
2019-10-14,William Chrisman,0,St. Charles,15
2019-10-14,Washington,4,Union,8
2019-10-14,McCluer North,21,University City,6
2019-10-14,Jefferson (Festus),9,Valley Park,4
2019-10-14,Hallsville,12,Versailles,2
2019-10-14,Laquey,11,Waynesville,15
2019-10-14,Kickapoo,1,Webb City,9
2019-10-14,Poplar Bluff,1,West Plains,2
2019-10-14,Parkway Central,3,Westminster Christian Academy,13
2019-10-14,Marshfield,2,Willard,12
2019-10-14,Affton,1,Windsor (Imperial),11
2019-10-15,Herculaneum,5,Affton,6
2019-10-15,La Plata,0,Atlanta,4
2019-10-15,Parkview,0,Ava,15
2019-10-15,Couch,0,Bakersfield,15
2019-10-15,Troy Buchanan,16,Bowling Green,0
2019-10-15,Marion County,3,Community,14
2019-10-15,Webster Groves,8,Fox,1
2019-10-15,Ft. Zumwalt West,18,Francis Howell North,1
2019-10-15,Fayette,23,Glasgow,2
2019-10-15,Hazelwood East,20,Jennings,2
2019-10-15,Parkway West,14,Ladue Horton Watkins,1
2019-10-15,Dixon,11,Laquey,3
2019-10-15,Park Hill,13,Lee's Summit West,7
2019-10-15,Eugene,21,Linn,8
2019-10-15,East Buchanan,4,North Platte,0
2019-10-15,Lee's Summit North,9,Raymore-Peculiar,5
2019-10-15,St. Pius X (Kansas City),12,Raytown South,14
2019-10-15,Normandy Collaborative,11,Riverview Gardens,17
2019-10-15,Fatima,13,Russellville,2
2019-10-15,Macon,5,Schuyler County,2
2019-10-15,Warrensburg,1,Sherwood,3
2019-10-15,Central (Springfield),0,Waynesville,17
2019-10-15,Wright City,24,Wellsville-Middletown,0
2019-10-15,North Shelby,3,Westran,6
2019-10-15,Walnut Grove,16,Wheatland,10
2019-10-16,Laquey,16,Newburg,6
2019-10-16,Marion C. Early,15,Humansville,0
2019-10-16,Wheatland,14,Hermitage,4
2019-10-16,Tuscumbia,16,Climax Springs,1
2019-10-16,New Franklin,11,Salem,9
2019-10-16,Pilot Grove,16,Glasgow,1
2019-10-16,Worth County,6,Madison,8
2019-10-16,Northeast (Cairo),11,Higbee,1
2019-10-16,Clopton,16,Wellsville-Middletown,0
2019-10-16,North Shelby,11,Marion County,1
2019-10-16,Green City,13,Brashear,15
2019-10-16,Schuyler County,13,Novinger,1
2019-10-16,Meadville,21,Bevier,16
2019-10-16,Pattonsburg,11,Tri-County,1
2019-10-16,St. James,9,North Andrew,14
2019-10-16,Vienna,10,Northeast Nodaway,0
2019-10-16,East Carter,16,Doniphan,0
2019-10-16,St. Clair,5,Neelyville,9
2019-10-16,Doniphan,9,Alton,2
2019-10-16,Chaffee,15,St. Vincent,2
2019-10-16,Maplewood-Richmond Hts.,18,Metro,4
2019-10-16,Herculaneum,15,Gateway Science Charter,0
2019-10-16,Elsberry,10,Brentwood,0
2019-10-16,Van-Far,10,Louisiana,0
2019-10-16,Montgomery County,4,Mark Twain,1
2019-10-16,Clark County,5,South Shelby,4
2019-10-16,Hallsville,9,North Callaway,6
2019-10-16,New Bloomfield,7,Slater,6
2019-10-16,Cuba,7,Hermann,0
2019-10-16,Calvary Lutheran,2,Versailles,1
2019-10-16,Dixon,5,Richland,9
2019-10-16,Smithville,11,Gainesville,10
2019-10-16,Hartville,15,Willow Springs,3
2019-10-16,El Dorado Springs,3,East Newton,12
2019-10-16,St. Pius X (Kansas City),13,Lexington,14
2019-10-16,Carrollton,9,Lathrop,8
2019-10-16,Lawson,15,Plattsburg,4
2019-10-16,Maryville,15,Bishop LeBlond,0
2019-10-16,Brookfield,8,St. Elizabeth,2
2019-10-16,Trenton,10,Milan,0
2019-10-16,Sikeston,17,Fredericktown,2
2019-10-16,Lutheran South,8,Festus,10
2019-10-16,Notre Dame (St. Louis),11,DeSoto,5
2019-10-16,Bayless,19,Soldan International Studies,4
2019-10-16,University City,15,Clayton,0
2019-10-16,Parkway North,17,Normandy Collaborative,1
2019-10-16,Union,1,Owensville,2
2019-10-16,Pacific,5,St. Clair,0
2019-10-16,Hannibal,7,Winfield,9
2019-10-16,Fulton,7,Capital City,3
2019-10-16,Southern Boone,9,Eldon,0
2019-10-16,Buffalo,5,St. James,4
2019-10-16,West Plains,8,Marshfield,7
2019-10-16,Carl Junction,2,Aurora,0
2019-10-16,Seneca,3,Cassville,0
2019-10-16,Harrisonville,11,Clinton,1
2019-10-16,Notre Dame de Sion,17,St. Michael the Archangel,2
2019-10-16,Raytown South,15,Winnetonka,0
2019-10-16,Kirksville,11,Moberly,0
2019-10-16,Chillicothe,12,Marshall,2
2019-10-16,Moberly,3,Boonville,2
2019-10-16,Lafayette (St. Joseph),8,Cameron,1
2019-10-16,Excelsior Springs,11,Benton,10
2019-10-16,Jackson,10,Central (Cape Girardeau),0
2019-10-16,Farmington,6,Poplar Bluff,7
2019-10-16,Lindbergh,10,Fox,8
2019-10-16,Cor Jesu Academy,10,Mehlville,4
2019-10-16,Lafayette (Wildwood),3,Parkway West,4
2019-10-16,Parkway South,6,Washington,0
2019-10-16,Nerinx Hall,12,Ladue Horton Watkins,11
2019-10-16,Ritenour,12,Hazelwood Central,8
2019-10-16,Parkway Central,10,McCluer North,0
2019-10-16,Ft. Zumwalt North,3,Francis Howell North,13
2019-10-16,Ft. Zumwalt South,3,Francis Howell,6
2019-10-16,Timberland,9,Liberty (Wentzville),12
2019-10-16,Battle,12,Savannah,2
2019-10-16,Camdenton,12,Central (Springfield),2
2019-10-16,Glendale,10,Branson,4
2019-10-16,Nixa,15,Parkview,0
2019-10-16,Willard,0,Carthage,1
2019-10-16,Neosho,11,Joplin,1
2019-10-16,Belton,18,Grandview,3
2019-10-16,Grain Valley,11,Fort Osage,1
2019-10-16,Raytown,17,Ruskin,0
2019-10-16,Kearney,13,North Kansas City,0
2019-10-16,Central (St. Joseph),12,Oak Park,2
2019-10-16,Webster Groves,8,Northwest (Cedar Hill),4
2019-10-17,Dora,3,Van Buren,1
2019-10-17,Norwood,5,Naylor,4
2019-10-17,Van Buren,10,Bakersfield,0
2019-10-17,Naylor,19,Couch,0
2019-10-17,Westran,17,Laquey,0
2019-10-17,Vienna,6,Crocker,5
2019-10-17,Halfway,12,Marion C. Early,0
2019-10-17,Weaubleau,15,Wheatland,0
2019-10-17,Van-Far,7,Tuscumbia,3
2019-10-17,Macks Creek,1,Jamestown,15
2019-10-17,Fayette,8,New Franklin,0
2019-10-17,Harrisburg,11,Pilot Grove,10
2019-10-17,Schuyler County,21,Madison,0
2019-10-17,Westran,3,Northeast (Cairo),4
2019-10-17,Silex,5,Clopton,0
2019-10-17,Canton,16,North Shelby,1
2019-10-17,Knox County,5,Scotland County,8
2019-10-17,Atlanta,13,Brashear,1
2019-10-17,La Plata,3,Schuyler County,5
2019-10-17,Norborne,15,Hardin-Central,6
2019-10-17,Maysville,15,Pattonsburg,0
2019-10-17,North Platte,4,North Andrew,11
2019-10-17,North Harrison,16,Mercer,1
2019-10-17,Worth County,0,Vienna,12
2019-10-17,East Carter,8,Neelyville,0
2019-10-17,Kelly,7,Chaffee,1
2019-10-17,St. Pius X (Festus),3,Jefferson (Festus),2
2019-10-17,Hancock,15,Maplewood-Richmond Hts.,0
2019-10-17,Bishop DuBourg,7,Herculaneum,4
2019-10-17,Valley Park,11,Veritas Christian Academy,1
2019-10-17,Bowling Green,11,Van-Far,4
2019-10-17,Monroe City,6,Montgomery County,2
2019-10-17,Palmyra,8,Clark County,1
2019-10-17,Macon,2,Highland,7
2019-10-17,Father Tolton,10,Hallsville,0
2019-10-17,Centralia,10,New Bloomfield,2
2019-10-17,Linn,9,Cuba,3
2019-10-17,Belle,0,New Haven,3
2019-10-17,California,3,Calvary Lutheran,4
2019-10-17,Warsaw,11,Russellville,1
2019-10-17,Eugene,11,Richland,0
2019-10-17,Iberia,2,Fatima,7
2019-10-17,Ava,7,Smithville,1
2019-10-17,Mansfield,8,Hartville,3
2019-10-17,Sherwood,3,East Newton,0
2019-10-17,Holden,10,Lamar,0
2019-10-17,Knob Noster,13,Lexington,0
2019-10-17,Lafayette County,3,Summit Christian Academy,2
2019-10-17,Penney,7,Carrollton,1
2019-10-17,Richmond,2,Lawson,1
2019-10-17,East Buchanan,3,Maryville,0
2019-10-17,Mid-Buchanan,5,West Platte,2
2019-10-17,Putnam County,10,Brookfield,0
2019-10-17,Marceline,8,Trenton,5
2019-10-17,Notre Dame (Cape Girardeau),17,Sikeston,2
2019-10-17,North County,0,Perryville,11
2019-10-17,Hillsboro,11,Festus,1
2019-10-17,Windsor (Imperial),10,Notre Dame (St. Louis),6
2019-10-17,Rosati-Kain,17,Bayless,0
2019-10-17,Affton,10,Ursuline Academy,0
2019-10-17,Incarnate Word Academy,15,University City,0
2019-10-17,Westminster Christian Academy,6,Parkway North,13
2019-10-17,Hazelwood East,20,Riverview Gardens,1
2019-10-17,Webb City,12,Owensville,2
2019-10-17,St. Joseph's Academy,1,Pacific,2
2019-10-17,Wright City,7,Winfield,4
2019-10-17,Mexico,4,Warrenton,0
2019-10-17,Helias Catholic,9,Fulton,3
2019-10-17,Blair Oaks,1,Southern Boone,0
2019-10-17,Bolivar,10,Buffalo,0
2019-10-17,Osage,5,Salem,4
2019-10-17,Logan-Rogersville,12,West Plains,2
2019-10-17,Reeds Spring,10,Hillcrest,0
2019-10-17,McDonald County,10,Carl Junction,2
2019-10-17,Monett,1,Seneca,2
2019-10-17,Nevada,15,Harrisonville,5
2019-10-17,Pleasant Hill,2,Warrensburg,0
2019-10-17,Odessa,10,Notre Dame de Sion,0
2019-10-17,Oak Grove,11,Raytown South,1
2019-10-17,Kirksville,9,Chillicothe,2
2019-10-17,Smithville,6,Lafayette (St. Joseph),2
2019-10-17,Savannah,8,Excelsior Springs,0
2019-10-17,Seckman,5,Jackson,4
2019-10-17,Northwest (Cedar Hill),13,Poplar Bluff,3
2019-10-17,Rockwood Summit,9,Lindbergh,1
2019-10-17,Oakville,8,Cor Jesu Academy,7
2019-10-17,Eureka,11,Parkway West,1
2019-10-17,Marquette,4,Parkway South,3
2019-10-17,Webster Groves,11,Nerinx Hall,0
2019-10-17,Kirkwood,5,St. Joseph's Academy,6
2019-10-17,Pattonville,14,Ritenour,4
2019-10-17,Hazelwood West,3,Parkway Central,1
2019-10-17,Francis Howell Central,10,Francis Howell North,0
2019-10-17,Ft. Zumwalt East,0,Francis Howell,2
2019-10-17,Holt,16,Liberty (Wentzville),1
2019-10-17,Troy Buchanan,4,Ft. Zumwalt West,2
2019-10-17,Rock Bridge,6,Battle,2
2019-10-17,Rolla,12,Camdenton,2
2019-10-17,Waynesville,9,Lebanon,24
2019-10-17,Ozark,12,Glendale,2
2019-10-17,Kickapoo,8,Nixa,3
2019-10-17,Webb City,7,Carthage,2
2019-10-17,Republic,11,Neosho,4
2019-10-17,Raymore-Peculiar,6,Belton,1
2019-10-17,Lee's Summit West,4,Lee's Summit,5
2019-10-17,Lee's Summit North,4,Grain Valley,1
2019-10-17,Blue Springs South,5,Blue Springs,4
2019-10-17,St. Charles,12,Raytown,0
2019-10-17,St. Teresa's Academy,10,William Chrisman,0
2019-10-17,Liberty North,4,Kearney,0
2019-10-17,Liberty,8,Park Hill South,4
2019-10-17,Park Hill,3,Central (St. Joseph),0
2019-10-17,Platte County,1,Staley,0
2019-10-18,Dora,1,Norwood,2
2019-10-18,Westran,10,Vienna,3
2019-10-18,Halfway,3,Walnut Grove,4
2019-10-18,Weaubleau,5,Leeton,3
2019-10-18,Van-Far,12,Jamestown,2
2019-10-18,Fayette,10,Harrisburg,0
2019-10-18,Schuyler County,8,Northeast (Cairo),0
2019-10-18,Silex,2,Community,3
2019-10-18,Kelly,1,St. Pius X (Festus),2
2019-10-18,Hancock,5,Bishop DuBourg,8
2019-10-18,Elsberry,9,Valley Park,8
2019-10-18,Linn,10,New Haven,0
2019-10-18,Eugene,6,Fatima,8
2019-10-18,Ava,11,Mansfield,10
2019-10-18,Sherwood,4,Holden,1
2019-10-18,Penney,7,Richmond,1
2019-10-18,East Buchanan,8,Mid-Buchanan,4
2019-10-18,Notre Dame (Cape Girardeau),4,Perryville,3
2019-10-18,Hillsboro,4,Windsor (Imperial),0
2019-10-18,Rosati-Kain,11,Affton,7
2019-10-18,Incarnate Word Academy,11,Parkway North,0
2019-10-18,St. Dominic,4,St. Charles,0
2019-10-18,Webb City,9,Pacific,4
2019-10-18,McDonald County,3,Seneca,0
2019-10-18,Nevada,3,Pleasant Hill,2
2019-10-18,Seckman,5,Northwest (Cedar Hill),17
2019-10-18,Rockwood Summit,8,Oakville,13
2019-10-18,Eureka,8,Marquette,9
2019-10-18,Webster Groves,5,St. Joseph's Academy,3
2019-10-18,Pattonville,12,Hazelwood West,2
2019-10-18,Francis Howell Central,8,Francis Howell,1
2019-10-18,Holt,4,Troy Buchanan,3
2019-10-18,Rolla,15,Lebanon,0
2019-10-18,Ozark,8,Kickapoo,14
2019-10-18,Webb City,4,Republic,0
2019-10-18,Raymore-Peculiar,13,Lee's Summit,0
2019-10-18,Lee's Summit North,1,Blue Springs South,3
2019-10-18,Liberty North,13,Liberty,20
2019-10-18,Park Hill,6,Platte County,0
2019-10-19,Canton,13,Scotland County,3
2019-10-19,Atlanta,7,Schuyler County,1
2019-10-19,Maysville,14,Gallatin,2
2019-10-19,DeKalb,4,North Andrew,1
2019-10-19,Princeton,3,North Harrison,1
2019-10-19,Bowling Green,5,Monroe City,8
2019-10-19,Palmyra,5,Highland,1
2019-10-19,Father Tolton,8,Centralia,1
2019-10-19,Warsaw,8,Calvary Lutheran,7
2019-10-19,Knob Noster,4,Lafayette County,5
2019-10-19,Putnam County,2,Marceline,9
2019-10-19,Wright City,2,Mexico,3
2019-10-19,Helias Catholic,1,Blair Oaks,0
2019-10-19,Bolivar,6,Osage,0
2019-10-19,Logan-Rogersville,2,Reeds Spring,1
2019-10-19,Odessa,5,Oak Grove,15
2019-10-19,Smithville,1,Savannah,2
2019-10-19,St. Charles,7,St. Teresa's Academy,0
2019-10-21,Staley,4,Liberty North,5
2019-10-22,Holden,7,Carrollton,8
2019-10-23,Westran,7,Norwood,1
2019-10-23,Weaubleau,5,Walnut Grove,0
2019-10-23,Atlanta,0,Canton,10
2019-10-23,Fayette,2,Van-Far,7
2019-10-23,Community,0,Schuyler County,10
2019-10-23,DeKalb,4,Maysville,6
2019-10-23,St. Pius X (Festus),0,East Carter,5
2019-10-23,Elsberry,7,Bishop DuBourg,6
2019-10-23,Fatima,5,Warsaw,6
2019-10-23,Sherwood,11,Ava,0
2019-10-23,Palmyra,7,Monroe City,1
2019-10-23,Linn,1,Father Tolton,6
2019-10-23,Penney,6,Lafayette County,9
2019-10-23,Marceline,16,East Buchanan,3
2019-10-23,Hillsboro,2,Notre Dame (Cape Girardeau),6
2019-10-23,Incarnate Word Academy,7,Rosati-Kain,0
2019-10-23,Bolivar,0,Helias Catholic,6
2019-10-23,McDonald County,7,Logan-Rogersville,8
2019-10-23,Mexico,0,Webb City,4
2019-10-23,Oak Grove,6,Nevada,7
2019-10-23,Savannah,6,Kirksville,4
2019-10-23,Oakville,3,Northwest (Cedar Hill),10
2019-10-23,Webster Groves,10,Marquette,3
2019-10-23,Kickapoo,16,Rolla,4
2019-10-23,Raymore-Peculiar,2,Webb City,0
2019-10-23,Francis Howell Central,17,Pattonville,3
2019-10-23,Rock Bridge,7,Holt,4
2019-10-23,St. Charles,0,Blue Springs South,6
2019-10-23,Park Hill,4,Liberty,5
2019-10-26,Norborne,1,Canton,14
2019-10-26,Sherwood,4,Warsaw,1
2019-10-26,Father Tolton,5,Palmyra,6
2019-10-26,Marceline,15,Lafayette County,8
2019-10-26,Logan-Rogersville,0,Helias Catholic,13
2019-10-26,Savannah,11,Nevada,0
2019-10-26,Liberty,6,Blue Springs South,13
2019-10-28,Weaubleau,1,Westran,7
2019-10-28,Schuyler County,7,Van-Far,0
2019-10-28,Elsberry,0,East Carter,3
2019-10-28,Incarnate Word Academy,12,Notre Dame (Cape Girardeau),7
2019-10-28,Webb City,9,St. Dominic,1
2019-10-28,Webster Groves,8,Northwest (Cedar Hill),18
2019-10-28,Raymore-Peculiar,7,Kickapoo,1
2019-10-28,Rock Bridge,8,Francis Howell Central,0
2019-11-01,Maysville,10,Westran,3
2019-11-01,Canton,4,Westran,1
2019-11-01,Maysville,3,Schuyler County,9
2019-11-01,Marceline,6,East Carter,0
2019-11-01,Sherwood,5,East Carter,0
2019-11-01,Marceline,8,Palmyra,9
2019-11-01,Savannah,5,Incarnate Word Academy,4
2019-11-01,Helias Catholic,8,Incarnate Word Academy,0
2019-11-01,Savannah,2,Webb City,10
2019-11-01,Rock Bridge,7,Northwest (Cedar Hill),0
2019-11-01,Raymore-Peculiar,10,Northwest (Cedar Hill),0
2019-11-01,Blue Springs South,3,Rock Bridge,2
2019-11-02,Schuyler County,4,Canton,1
2019-11-02,Palmyra,0,Sherwood,2
2019-11-02,Webb City,1,Helias Catholic,3
2019-11-02,Blue Springs South,10,Raymore-Peculiar,0
